,mean,mean,mean,mean,mean,standard_deviation,standard_deviation,standard_deviation,standard_deviation,standard_deviation
max_buses,1,2,4,8,16,1,2,4,8,16
date,,,,,,,,,,
1950-02-01,98273.1,97778.7,96790.0,94812.9,90859.7,4853.779980592446,6417.210055779691,9543.75397838817,15795.893140307073,28297.00918648471
1950-03-01,95050.4,93564.5,90596.7,84673.3,72794.3,7393.920478639491,9776.440197967991,14544.8535002744,24074.088791109465,43195.718476230686
1950-04-01,87409.2,84951.7,79990.4,70128.9,51764.1,12280.346229284873,14455.641844007558,19146.931156483304,29038.751953017698,47735.014380198714
1950-05-01,84270.6,81338.1,75434.4,63496.5,43057.0,15700.16869123811,17859.334076486604,22419.790222033746,32071.961996076538,48485.434284718714
1950-06-01,84094.1,81168.0,75264.7,63389.2,42801.8,15716.534785236712,17879.819058244284,22439.295448684064,32051.704970424133,48554.19518389276
1950-07-01,83919.9,81033.0,75215.9,63380.5,42720.4,15733.31290570708,17876.36617312242,22361.908929894355,31937.939522524688,48464.30811363485
1950-08-01,83743.9,80881.1,75121.7,63364.0,42727.5,15751.68821604705,17886.56735871301,22326.963539630728,31796.162231732727,48292.472160667945
1950-09-01,83789.5,81039.5,75378.6,63783.3,42885.3,15575.834953542617,17584.56256208837,22006.367448233403,31336.295987773243,47996.452246320594
1950-10-01,83615.2,80930.9,75382.5,63626.5,42862.2,15595.629372074445,17625.125824294762,21965.85745221686,31385.648858638844,47890.48929194838
1950-11-01,83746.2,81362.1,76248.5,64670.1,43771.4,15175.417320273089,16812.894333748067,20596.855516477917,29988.265651195412,46902.186857804874
1950-12-01,79921.8,77539.6,72628.4,61240.1,40515.4,15765.610928713024,16803.140435314137,19440.076887136474,27323.04540716906,42983.673743514395
1951-01-01,79073.2,76397.8,70744.9,57418.3,35031.3,16983.973234918987,18462.102130219806,21875.849745781306,30229.7410987921,43631.02908366934
1951-02-01,78985.3,76456.9,71072.6,57719.1,35232.9,16931.58040172269,18379.06941453904,21637.649575579035,30027.973814983477,43409.88197647064
1951-03-01,79028.2,76733.1,71629.3,58307.1,35721.3,16757.50882970908,18080.087545572216,21279.412283289737,29677.75145514453,43106.84161488883
1951-04-01,78896.2,76536.4,71515.8,58211.7,35814.6,16801.25360269948,18122.490858966747,21398.925491196464,29774.825750213142,43064.787485317465
1951-05-01,74603.0,71983.0,65986.9,50651.2,26919.7,17141.194642666473,18414.22339147408,21624.521674607175,28733.377048690643,38069.043691254796
1951-06-01,74520.5,71866.2,66166.5,50794.3,26940.5,17187.954524091056,18421.67037787592,21691.320743816203,28724.694610309707,38106.90623685482
1951-07-01,74468.3,72038.9,66528.3,51308.8,27187.4,17102.31237159337,18437.18392843959,21880.09201712319,28897.760304601845,38210.75289089301
1951-08-01,74478.2,72138.3,66567.8,51316.7,27159.2,17102.527492222376,18456.358374705327,22038.894476205773,29189.77424087643,38353.19557249724
1951-09-01,74451.2,72189.0,66848.2,51391.5,27438.7,17062.01820027943,18486.67012261057,22059.97462877558,29279.248545495302,38392.20725630543
1951-10-01,74356.7,72428.9,66974.5,51550.4,27611.6,17072.65732131677,18441.459784650695,22309.433571423946,29446.816874569726,38509.555172710054
1951-11-01,74329.9,72266.3,67068.1,51423.3,27619.3,17039.730778063626,18542.260356337956,22425.74149127144,29687.68475329646,38718.36744162187
1951-12-01,74338.9,72695.6,67282.5,51842.5,27908.3,17052.78416140765,18484.71179831232,22663.539873795336,29826.928054472297,38878.081877268014
1952-01-01,74156.6,72478.4,67066.5,51570.1,27691.4,17098.305381918217,18535.001718670304,22725.670180803616,29969.042054352612,39038.088680444154
1952-02-01,74208.0,72710.9,67392.5,51861.2,27979.4,17053.696953381626,18673.837060027177,23195.94496290725,30321.733129152686,39282.92338691486
1952-03-01,74257.2,72723.5,67384.0,51762.2,27927.5,17116.54695706273,18696.260685257654,23319.49194224532,30464.780728645404,39452.48513859566
1952-04-01,72687.4,71376.4,65954.0,50427.1,26451.3,15646.442330446876,17316.433288129003,21898.02540565397,28617.91698472208,37107.18760578753
1952-05-01,64745.5,63343.0,58002.4,42429.8,18287.5,27342.79244151921,27907.013252346922,29551.212177431156,30740.91747275391,32847.821372877144
1952-06-01,64678.1,63523.9,58116.7,42406.7,18433.5,27363.6295815774,28149.919654315967,29842.12613459928,31041.216070286653,33424.80295047045
1952-07-01,64689.0,63641.4,58050.3,42499.3,18462.6,27464.89740256339,28337.07587125625,30084.931861684883,31435.90381518842,33773.592432879006
1952-08-01,64636.5,63722.8,58091.4,42518.7,18523.1,27490.346706717897,28451.705478270054,30254.583502889825,31658.725629051394,34149.00362772927
1952-09-01,64667.0,63706.5,58050.2,42477.0,18333.3,27706.24029588521,28653.338565417547,30559.949562931037,32087.38584968658,34551.172358466276
1952-10-01,64771.9,63848.6,58100.2,42459.5,18621.8,27827.0076981578,28786.715856836156,30760.74318131255,32316.95665075328,35143.05853002047
1952-11-01,56399.4,54990.7,48666.6,33022.0,9419.9,30638.32126312116,32131.409486150256,32964.32364171235,29517.733404401723,24430.871196773423
1952-12-01,56506.0,54801.4,48608.7,32992.9,9187.2,30904.07044387519,32204.88410232902,33143.54823776249,29829.268041267416,24810.235543689087
1953-01-01,56411.8,55238.3,48767.6,33050.2,9211.0,30982.84305439598,32731.57068930376,33712.98940303112,30470.54465034862,25799.502299247728
1953-02-01,56517.6,55132.5,48652.4,32949.3,9273.4,31252.15248124697,32904.08836890773,33915.7546812687,30832.94618513702,26566.673091592696
1953-03-01,56354.5,55100.9,48439.8,32790.8,9416.6,31305.27845889394,33072.01034594393,34029.00078462487,31069.58290962043,27513.349722150033
1953-04-01,56593.0,54995.9,48521.3,32589.6,9189.8,31672.569284968202,33147.47540730331,34264.378043060664,31345.750923104926,27882.136024503016
1953-05-01,56482.7,55246.5,48523.0,32784.7,9344.8,31823.54057420038,33598.80881238368,34720.13938144066,31894.164506484045,28948.862222124648
1953-06-01,56406.2,55175.4,48622.4,32644.6,9142.0,31950.24313174749,33814.050850694206,35268.757635555514,32319.46630541208,29433.37911283718
1953-07-01,56412.5,55116.8,48411.0,32419.9,9090.2,32143.456891635728,33973.6186369496,35311.34105826814,32463.121683432313,30193.56154252463
1953-08-01,56404.1,55340.1,48649.0,32328.2,9118.8,32302.588569992688,34354.84369682583,35983.924861588464,32746.329354261645,31100.965325497178
1953-09-01,56421.8,55186.7,48572.4,32300.0,8999.7,32512.481048907288,34468.54180279623,36255.07857513053,33119.53470553461,31626.853013960565
1953-10-01,56337.9,55066.8,48386.4,32187.4,8947.9,32656.587912701474,34626.598818442064,36400.3761311458,33581.438835563116,32450.53823025642
1953-11-01,56342.5,55162.0,48426.0,32253.1,8776.7,32761.012622560305,34872.99851046811,36901.47343339498,34139.785563506724,32871.410093980856
1953-12-01,56450.5,55564.2,48761.5,32646.4,9335.5,32597.05752313645,34583.690693093406,36137.90416431048,33889.55412053822,33614.940372961806
1954-01-01,56474.6,55475.8,48904.9,32790.6,9327.2,32779.286471794956,34779.71838362761,36705.346874959665,34644.6333641061,34315.07080245905
1954-02-01,56392.3,55477.1,48892.5,32590.2,9131.9,32886.04733875244,34978.33454662408,37086.299681358825,35044.51406045365,34984.36307345834
1954-03-01,56425.3,55527.6,48858.6,32700.1,9069.4,33085.31860726816,35302.9819080485,37501.048012614854,35610.08967959627,35535.45048789698
1954-04-01,56413.6,55548.7,48917.2,32709.5,9309.6,32819.27235025176,35087.95297866966,37553.76215152529,35847.840072078725,36572.10285389063
1954-05-01,56447.3,55472.1,48955.3,32640.9,9170.3,33024.847840678995,35239.359300046555,37880.33539406253,36240.04710093211,37160.87497489799
1954-06-01,56370.0,55397.4,48711.7,32610.4,9059.3,33138.35876040534,35411.90347326729,37981.86497980904,36775.29984831304,37859.65685719357
1954-07-01,56276.7,55501.7,48687.8,32676.5,9075.2,33276.25403947986,35816.37288556419,38399.50384459559,37513.3701298617,38579.5374743313
1954-08-01,56204.2,55466.1,48439.2,32488.2,8914.4,33379.267663226725,35549.252886195325,38493.92539032043,37899.27656243,39316.51691140054
1954-09-01,56383.2,55686.2,48945.8,33056.4,9412.5,33253.90255727723,35523.03524569187,37930.90934785977,37784.31229197877,40006.3652470176
1954-10-01,56319.4,55452.0,48888.2,33011.3,9358.7,33363.19283348709,35541.2101494714,38322.328799568306,38348.8826696569,40641.064099285366
1954-11-01,56259.1,55546.6,48647.8,32720.3,9282.2,33558.71041241669,35968.68282640701,38357.51008834877,38495.36664486029,41474.89177214464
1954-12-01,56368.7,55615.8,48481.6,32649.8,8968.9,33795.25816195718,36278.30677415912,38585.29790880344,38886.27568178778,41748.578537212234
1955-01-01,56188.2,55409.8,48421.1,32511.9,9021.3,33835.67345207652,36287.57581934131,38696.82991164924,39052.76311308416,42600.64394414192
1955-02-01,56185.3,55438.1,48411.1,32373.5,8818.8,34010.73693556198,36673.632694197186,39193.70622505041,39454.329950378495,43005.05021712889
1955-03-01,56000.7,55308.8,48250.8,32095.9,8639.6,34060.94366491399,36763.61177033617,39294.48521612161,39652.73676823721,43625.6499275369
1955-04-01,56141.0,55240.1,48131.1,32029.3,8577.5,34350.909902229825,36920.67051410512,39614.9087492463,40058.67706266785,44420.28430608401
1955-05-01,56135.9,55462.4,48735.7,32568.7,8971.5,34085.18971456339,36483.25614488561,39399.36132604182,40087.32944473991,44905.72867748118
1955-06-01,56168.0,55432.0,48584.8,32261.7,8952.2,34317.29437988309,36797.553155369205,39582.39213140667,40239.00508503327,45675.64858336563
1955-07-01,56054.4,55346.0,48570.6,32225.5,8592.8,34378.84480704182,36977.28729609269,40031.871378246164,40605.640325917506,46023.48224741124
1955-08-01,56101.8,55246.2,48335.9,31970.3,8767.4,34627.859630970874,37131.07221960844,40133.7668372213,40845.05720688041,47036.94643858875
1955-09-01,55913.8,55161.9,48497.6,31944.5,8440.3,34677.96572208673,37351.92150479009,40747.96157737355,41306.8508502726,47415.85586196058
1955-10-01,55935.6,55192.4,48274.1,31758.5,8316.4,34803.39494359709,37667.435665306446,40885.26787500739,41547.55942090141,48060.408793286166
1955-11-01,55965.3,55041.9,48135.9,31686.0,8229.6,35042.287983552415,37814.888674083566,41152.054349826954,41941.937079729636,48813.41799637564
1955-12-01,55788.5,55002.5,47988.3,31352.8,8190.2,35104.610185526595,38016.302021486634,41420.63344933832,42086.27564842909,49597.03001143874
1956-01-01,55890.5,55302.0,48067.7,31230.7,7929.4,35359.59993253443,38231.584880102004,41938.38891371219,42495.66096294747,50105.657398918316
1956-02-01,55893.1,55326.4,48448.3,31789.3,8515.6,35137.22094383043,38049.43389329202,41536.713463446344,42511.66870676019,50995.59355081574
1956-03-01,55906.1,55210.6,48294.6,31512.8,8349.2,35352.56630147237,38244.2505604873,41758.039205243665,42752.82007540555,51625.6238957189
1956-04-01,55718.9,55115.1,48380.1,31283.6,8205.9,35403.01612527761,38365.5857839346,42264.45749076745,43054.79126828459,52250.88471010696
1956-05-01,55862.5,55258.6,48236.4,31202.8,8020.3,35724.831128595506,38842.80977421118,42399.270274642964,43431.284318001824,52904.01309300122
1956-06-01,55683.3,55110.7,48131.4,31205.5,8039.6,35771.003645255594,38935.31696730417,42711.62949413713,43815.520000844954,53760.0630542785
1956-07-01,55715.1,54978.8,47900.9,30872.3,7898.8,36025.26795474408,39113.18214504045,42744.6523450595,43964.18102412715,54519.376548974666
1956-08-01,55713.7,55234.7,48022.8,30881.2,7625.6,36232.4233435254,39687.86478131571,43421.24230476241,44466.00583666883,54890.95958392825
1956-09-01,55642.9,55012.6,47848.3,30541.8,7562.2,36365.407055637676,39732.515333302406,43652.61992659267,44587.28456958204,55764.565138326565
1956-10-01,55777.8,55303.1,47931.2,30594.1,7573.1,36309.00917831704,39514.183086442375,43582.30075462592,44750.70128426294,56307.28602045111
1956-11-01,55763.1,55214.5,48271.8,30702.5,7720.2,36442.30227039267,39681.09567609689,43743.57663779525,44771.53603016095,57036.87392438918
1956-12-01,55676.1,55317.4,48209.2,30685.9,7634.5,36618.40619885639,40104.92236399694,44138.186117389705,45258.82531359677,57734.36883838488
1957-01-01,55605.1,55160.3,48285.4,30450.4,7495.3,36739.29401865105,40247.66814239056,44753.60749009825,45531.42138787235,58531.61647453641
1957-02-01,55609.6,55140.7,48397.7,30269.3,7364.1,36959.98124759024,40515.17728251147,45431.43717014072,45707.207151243296,59398.8566471518
1957-03-01,55451.0,54954.1,48457.8,30274.7,7054.3,37050.260499908916,40607.39417738816,45955.89866817969,46184.279247019396,59705.83465076461
1957-04-01,55400.0,54941.2,48415.8,29946.8,7042.9,37238.28215992545,40917.70541464905,46497.72497134791,46317.16911038498,60696.59736838631
1957-05-01,55212.5,54728.8,48285.4,29700.0,6976.6,37289.55480873073,40977.16454807482,46676.97263628918,46601.47952348484,61477.77561796891
1957-06-01,55309.3,54790.5,48497.9,29890.5,6754.6,37566.70312642419,41366.664612543595,47513.78169296427,47285.361167302326,62231.76352992453
1957-07-01,55428.1,55127.3,49091.8,30219.9,6939.3,37504.06968864994,41281.82129931877,48166.464612724994,47673.316949724496,62782.477769677105
1957-08-01,55314.2,54949.7,49090.1,30119.8,6919.3,37621.050283052966,41340.41073829711,48578.9184991231,48261.70582655454,63895.37623864326
1957-09-01,55290.6,55007.8,49085.8,30101.3,6680.8,37808.17577426579,41736.950854395465,49228.45489664601,48865.10877928249,64367.53180809924
1957-10-01,55225.6,54782.4,49125.9,30086.1,6586.4,37952.80315573249,41767.665628383445,49661.771949972856,49363.56051999401,65175.79662250227
1957-11-01,55162.2,54754.1,49202.9,30028.9,6352.7,38154.94716954947,42120.916591931426,50373.77641734283,49891.81493424882,65710.01231006497
1957-12-01,55160.0,54707.4,49136.4,29886.7,6255.7,38314.18774350364,42269.68632799002,50735.30932244766,50331.93731849921,66605.8685820301
1958-01-01,55072.7,54629.7,48855.4,29887.9,6087.4,38498.01202962737,42525.302909757935,50799.92415829859,50841.230642177725,67307.72037639268
1958-02-01,54987.3,54595.9,49043.9,30013.9,5884.4,38623.21217451725,42795.793480849905,51409.6847911191,51631.64819382692,67814.37306058356
1958-03-01,55103.4,54562.8,48870.4,30025.2,5959.6,38586.45734854537,42639.362708391614,51387.55392807787,52141.65649842744,68630.66409282532
1958-04-01,55146.7,54859.3,48793.4,30156.3,5649.8,38849.56779982672,42875.32534389033,51757.51711630345,52893.61057201942,69137.52250856422
1958-05-01,54939.7,54665.2,48675.3,29973.6,5696.2,38871.03852498812,42959.89349459175,52111.45242874481,53248.41847875756,70073.06185816185
1958-06-01,54946.8,54563.6,48684.3,29899.9,5341.4,39136.835810894176,43167.57820195873,52482.8730096252,53812.93937841014,70464.66162584224
1958-07-01,54831.9,54452.2,48535.6,29905.9,5130.2,39205.609775614736,43300.07854701626,52765.96746894094,54208.825280780824,71147.44963774565
1958-08-01,54823.0,54330.8,48304.2,29678.7,4956.8,39467.273182276534,43428.86066712371,52884.146403666615,54457.270554383584,71827.66140608134
1958-09-01,54633.7,54155.1,48359.8,29556.7,4749.9,39518.46882169286,43551.63020918709,53499.96543674896,54914.45062003261,72413.60751413446
1958-10-01,54618.0,54280.1,48270.9,29319.0,4661.6,39724.960065709594,44022.986850179885,53759.86539634687,55234.556144178845,73062.81787490968
1958-11-01,54443.4,54116.6,48043.7,29510.1,4464.8,39787.91245871316,44175.37558716017,53904.006893015125,55778.278485147486,73927.51359992211
1958-12-01,54537.6,54386.1,48276.0,29429.2,4854.6,39719.2953311108,43946.15465784363,54226.16892444295,55913.23510543416,75065.64349835564
1959-01-01,54536.5,54322.5,48167.6,29398.7,4625.6,39996.41890705827,44262.21904426192,54547.53519067363,56451.1050340617,75687.58659442702
1959-02-01,54437.7,54211.7,48093.8,29281.0,4672.8,40093.51556895177,44394.73446517428,54858.064718163565,56788.58593258175,76683.12381743456
1959-03-01,54411.6,54078.1,47957.3,29256.2,4536.2,40322.4513342133,44541.35131774867,55091.84285062334,57221.71319001206,77325.49646038133
1959-04-01,54222.5,53831.2,47891.9,29027.7,4482.5,40374.03843024211,44552.605442704844,55511.284897657424,57531.97628382169,78218.82323364085
1959-05-01,54251.8,53991.5,47744.9,29077.0,4226.6,40627.45967063273,44993.830049241195,55739.17999327064,58054.42113128757,78693.82614806718
1959-06-01,54068.1,53780.3,47762.0,28907.7,4390.4,40682.66080681329,45056.192466370994,56178.06205866011,58428.94482103882,79900.08687966352
1959-07-01,54045.7,53699.4,47503.2,28718.9,4223.5,40946.175906236276,45255.03312020787,56266.19765562822,58687.06481452659,80491.10131940742
1959-08-01,54123.7,54011.0,47562.7,28567.2,4355.9,40788.389897807385,45439.22849990597,56906.0654745071,59141.01299023471,81644.26047249127
1959-09-01,54118.6,53887.3,47480.8,28616.9,4366.4,41053.812785984526,45539.89719172995,56838.68719415989,59377.33132068725,82462.65930198683
1959-10-01,53912.6,53715.8,47385.7,28477.7,4446.1,41080.73942913448,45676.71528811054,57207.531446771354,59751.71416239407,83324.88292414352
1959-11-01,54005.9,53697.4,47278.5,28237.2,4450.2,41401.7384698061,45866.69742295481,57388.71516489786,59998.75802196057,84417.31321871518
1959-12-01,53824.5,53613.8,47253.9,28340.3,4194.6,41465.13590757099,46157.91502560651,57872.84247276764,60697.6195616892,84836.20762674914
1960-01-01,53837.4,53530.6,47215.3,27954.9,4358.9,41712.753437980784,46316.2776286888,58293.36559363624,60793.71359030472,86181.25854841579
1960-02-01,53647.6,53385.0,47013.3,27823.3,4055.1,41765.40084328175,46504.12016155128,58392.657283923785,61166.36447527532,86689.70014617269
1960-03-01,53716.4,53384.0,46950.7,27843.5,4165.7,42057.58040327305,46783.70886204822,58823.9987269935,61752.76223106677,87753.78042385285
1960-04-01,53554.8,53282.6,46768.0,27680.7,3825.7,42146.46301174038,47022.11743708132,58945.87464596464,62058.9142098055,88207.4322291243
1960-05-01,53742.3,53517.5,46850.9,27606.6,4354.7,42195.081145792334,46962.842797376645,59217.69097988277,62316.38839057062,89703.95528880293
1960-06-01,53733.3,53451.0,46660.6,27562.6,4199.5,42429.16372823977,47153.16500040644,59446.2842072105,62661.3604388258,90550.99452334395
1960-07-01,53545.4,53479.4,46731.0,27436.9,4063.1,42482.23766129924,47586.73626874521,59932.5784138588,63142.770217711135,91250.39046303065
1960-08-01,53501.1,53241.6,46569.5,27251.7,4037.6,42721.05026395717,47610.16948836783,60246.2456372917,63395.29269424418,92116.22537521702
1960-09-01,53424.2,53306.2,46524.6,27074.0,4167.6,42829.306578037846,47935.26261254165,60654.885680655054,63855.42968299564,93374.7597768143
1960-10-01,53363.9,53126.5,46337.5,27033.3,4179.5,43072.74205199593,48020.03758212699,60738.12398092505,64169.2947047106,94502.22362139892
1960-11-01,53154.7,53038.0,46403.9,26960.5,4016.5,43096.287548413675,48299.243720787184,61347.639846750964,64744.061615718856,95086.0067135129
1960-12-01,53244.7,52976.8,46204.3,26932.3,4051.7,43424.10562259426,48490.11656639136,61516.438757005795,65252.3982310229,96219.46620449406
1961-01-01,53332.5,52955.9,46018.6,26777.5,3997.0,43392.49701465297,48728.514126627015,61755.1250832224,65611.94558792881,97068.8642448122
1961-02-01,53197.2,53066.2,46283.1,27134.7,4369.6,43488.76008758534,48847.5543657112,62000.074705062514,66207.55721558948,98157.34683908733
1961-03-01,53146.0,52858.1,46253.9,26851.0,4153.4,43747.416271643335,48913.97812816109,62353.04085688203,66450.17814038492,98638.87422782832
1961-04-01,53130.2,52851.9,46118.1,26841.4,4057.2,43915.188968940776,49219.77897022475,62686.11630168908,66969.85591907917,99613.45198293029
1961-05-01,53045.2,52688.5,46020.2,26649.5,3896.3,44125.976357595886,49348.35087923405,62860.43119447683,67307.57919721144,100325.78797769018
1961-06-01,52927.2,52762.7,46053.1,26676.0,3823.6,44224.25684521008,49718.261141154166,63481.72823463106,68006.17430629206,101171.65034094833
1961-07-01,53005.5,52625.0,45890.1,26441.7,3889.0,44589.40505259567,49805.428559545595,63650.611314948634,68315.30510971413,102300.02764418004
1961-08-01,52899.8,52532.6,45804.2,26550.8,3580.3,44712.85033733467,50039.270254471136,63950.19722461118,68931.85541259007,102780.98733504493
1961-09-01,52910.8,52329.5,45652.9,26313.6,3682.1,45067.6238823393,50130.78916472169,64157.78899704141,69279.06439610744,103921.71956755614
1961-10-01,53195.6,52700.6,45699.4,26404.3,3410.5,45173.68541086724,50317.25271426403,64549.754040670916,70004.7336892299,104283.8576921983
1961-11-01,53098.2,52573.7,45860.2,26733.3,3572.1,45372.46009983491,50534.29901902711,64828.586607384175,70573.87601663318,105327.7286699313
1961-12-01,53196.0,52414.5,45591.5,26425.2,3291.6,45787.17156099026,50651.78218702893,64906.16527855167,70826.9755088648,105889.23461617804
1962-01-01,53090.7,52382.1,45614.9,26523.8,3476.0,45881.36845302483,50949.513578421705,65436.56775407259,71583.05531618498,107172.63723648038
1962-02-01,53155.3,52434.5,45407.0,26380.6,3227.9,46266.21266119706,51160.68109452371,65663.85663869178,71933.89311984844,107748.31180781132
1962-03-01,53055.0,52229.1,45359.7,26355.3,3148.6,46443.100008983514,51241.36212833014,65961.91125701087,72400.51046635576,108777.90105347685
1962-04-01,52957.1,52047.3,45174.5,26051.7,3281.1,46642.42305848472,51333.3602078934,66141.14116586001,72680.03065040936,109878.8797484151
1962-05-01,53024.5,52108.9,45190.2,26120.9,3272.5,46937.5582834377,51746.84078483546,66530.36761893859,73330.51186913185,110761.96583790745
1962-06-01,53123.3,52057.5,45015.3,26098.0,3451.4,46947.67170904218,51925.95418959578,66703.71381473282,73822.23432905112,111792.5395783537
1962-07-01,53025.2,52044.9,45261.2,26390.0,3870.6,47101.91373276556,51873.9555256564,66941.76977011852,74239.27471209412,112716.30720155605
1962-08-01,53027.4,52061.9,45151.6,26199.5,4209.5,47364.62158662776,52232.98520719982,67228.66623728635,74697.94305400919,114203.54277074285
1962-09-01,52990.7,51813.8,44163.3,26390.7,4063.7,47615.29204187803,52247.99015549679,65733.87878078295,75441.07295108621,114764.32529516982
1962-10-01,52372.9,51352.3,44093.2,25766.3,4575.0,47040.25927614204,51848.04980592595,65998.20401899838,75029.90090779365,116476.25238076072
1962-11-01,52300.0,51273.8,43425.2,22890.1,4529.4,47248.77901067921,52004.03459732716,65276.25045536172,70728.16781083599,117337.40095146323
1962-12-01,52223.7,49898.4,43012.5,20467.6,4786.4,47387.55928640155,50081.650984944354,64840.95500059271,67301.3343077238,118577.25013040607
1963-01-01,51810.1,49754.0,41104.0,19536.4,4613.3,47013.28002324922,50268.161551600206,61900.192536049515,66689.68534805231,119253.22939680362
1963-02-01,51609.1,49735.2,41138.7,19415.6,1064.9,47055.72898513232,50448.24784491749,62305.914049684456,67119.16663202678,112006.69101387549
1963-03-01,51820.8,49879.4,41062.6,19289.3,-1462.7,47144.44146049693,50683.83783855012,62315.46669469609,67345.8507210685,107277.00377066425
1963-04-01,51629.3,49744.4,41380.7,19720.7,-1097.5,47199.99550152991,50806.981686028594,62894.467509825095,68225.25060260965,108718.95608632379
1963-05-01,51672.8,49625.4,41180.0,19428.3,-1100.2,47548.51314137547,51034.31752632514,63103.256248082085,68508.2108867251,109700.32880513876
1963-06-01,51481.7,49524.7,41158.0,19473.3,-1124.1,47606.01290231682,51184.37081560043,63657.29292600076,69207.13116764453,110880.47758880831
1963-07-01,51484.5,49612.9,41146.7,19567.7,-1244.8,47843.70627423794,51649.44023026775,63919.050333735926,69936.40111169258,111664.71678078682
1963-08-01,51328.8,49528.7,41208.7,19380.2,-1256.4,47931.33293878743,51792.34001503826,64564.546957203136,70306.00068557449,112855.19662942716
1963-09-01,51230.4,49484.5,41202.2,18885.0,-1218.3,48133.666940672156,52135.04282842992,65005.2050117698,70236.34420852055,113998.13905113637
1963-10-01,51131.4,49528.0,41122.4,18684.3,-1259.4,48244.266188267844,52498.62327295408,65470.91984860318,70674.10344052638,115085.0140608141
1963-11-01,51307.3,49497.0,41471.5,19175.8,-1025.9,48353.71524287342,52762.26743295503,66396.33291789875,71814.28551602931,116462.49622990226
1963-12-01,51249.6,49635.1,41590.7,19325.3,-739.6,48617.160635589025,52960.77682052382,66440.5722415821,72259.46830700536,117680.55643157217
1964-01-01,51062.3,49548.8,41621.7,19225.3,-297.1,48677.91005750624,53235.277878907,67104.7384914889,72822.41724916243,119491.80674697139
1964-02-01,50963.8,49633.9,41455.4,19123.6,-427.7,48883.51430765455,53732.21469979108,67329.55624257613,73274.12680733751,120461.89661470184
1964-03-01,50895.6,49511.6,41698.1,19264.9,-308.2,49022.78203538524,53851.70723219666,68147.41487466711,74128.89651958345,121904.60305938683
1964-04-01,50829.6,49530.1,41699.6,19342.0,-462.6,49190.08684503639,54315.49438123323,68620.1478125938,74883.8470180467,122896.52622267239
1964-05-01,50657.2,49372.7,41645.3,19291.9,-197.8,49276.10191518354,54388.86708805601,69097.590406693,75412.61529221162,124469.08084143272
1964-06-01,50573.4,49403.7,41493.7,19269.5,45.6,49501.43639711657,54818.604838645384,69356.01379524826,76097.93248067475,126197.4015300368
1964-07-01,50471.0,49358.2,41607.9,19470.1,223.4,49608.76632433246,55045.154905969895,69940.2577132004,76859.5423938296,127526.36523410452
1964-08-01,50568.5,49390.1,41716.6,19635.4,461.8,49665.45622518286,55417.92598759599,70183.3118549797,77519.127737324,128939.94064317955
1964-09-01,50485.7,49321.2,41652.9,19481.7,584.3,49884.330501337456,55364.96214875734,70426.17019648623,77895.91247163672,130431.41605375941
1964-10-01,50316.5,49377.6,41707.2,19755.0,902.9,49974.56553588035,55783.95970209039,70969.51325557569,78850.20399325405,131709.37664456543
1964-11-01,50264.4,49331.9,41718.9,19619.2,1005.9,50227.16055017777,56140.23417092831,71266.75654414351,79345.95623778751,133208.33977015936
1964-12-01,50168.4,49268.5,41691.1,19550.7,1204.6,50278.25535336104,56305.026284910346,71641.47075767096,79912.14091189287,134687.8657103156
1965-01-01,50081.7,49188.2,41519.6,19676.3,1417.6,50503.93542652559,56601.70860554182,71767.23899477626,80547.17961687631,136239.11983812382
1965-02-01,49905.3,49207.7,41563.0,19750.6,1317.2,50587.12722960698,56854.465088113844,72410.29324619532,81336.54012967767,137733.65745105458
1965-03-01,49967.6,49100.2,41339.8,19732.4,1553.2,50899.5942686296,57098.187201813445,72602.08731587695,81922.73744368328,139239.80918927843
1965-04-01,49776.2,48932.6,41451.4,19780.8,1566.4,50959.321844432394,57232.012303139105,73076.70229773037,82615.2566926957,140591.89397464483
1965-05-01,49877.4,49232.9,41513.3,20187.2,1991.2,51001.07953802982,57525.69280368942,73122.76333377088,83339.40395461868,142149.49721316484
1965-06-01,49707.0,49042.3,41667.3,20256.4,2291.5,51093.510544664845,57614.12477673239,73843.96427761266,84045.25775530441,144080.42345875985
1965-07-01,49616.6,48975.7,41565.8,20174.6,2746.1,51318.00273501601,57786.476284200304,74226.97934459022,84621.61265986104,145858.2848151284
1965-08-01,49624.9,49013.1,41441.0,20024.4,3199.9,51584.17507218447,58175.49999489093,74391.19094504551,85064.65379306104,147902.10316170476
1965-09-01,49432.5,48816.1,41524.0,20081.0,3557.5,51643.782969384505,58256.4724500396,75129.74234098119,85865.05057226589,149641.0201435793
1965-10-01,49379.4,48632.2,41505.7,20300.1,4082.6,51784.42517076603,58359.14259670221,75290.31514972191,86440.59225522078,151678.39675386282
1965-11-01,49208.1,48505.0,41413.5,20375.4,4408.0,51868.104848205556,58461.568496843385,75730.04892269206,87188.44454933998,153567.8381758368
1965-12-01,49117.8,48601.5,41167.0,20034.4,4106.5,52097.79976970663,58886.912989125936,75893.78488094763,87435.15358278068,154752.0096715674
1966-01-01,48990.7,48435.8,41285.4,20252.5,4667.3,52172.84751040951,59033.211996487385,76373.3220833325,88336.54005908943,156749.73497057165
1966-02-01,48999.2,48304.3,41344.6,20467.3,5088.5,52411.72076464492,59135.090663572075,76710.71852413382,89035.05794042903,158386.76397508726
1966-03-01,48824.4,48523.1,41205.1,20598.9,5358.7,52492.31091672168,59351.093578710825,76868.32300680026,89612.59084209838,159979.58680549075
1966-04-01,48708.5,48352.5,41350.6,20670.4,6132.4,52685.333584826476,59418.35831392704,77491.15267234633,90241.64663612915,162358.19512779624
1966-05-01,48537.7,48305.8,41271.8,20513.8,6437.0,52762.01322932164,59659.22448335677,77831.81967950011,90718.89969668823,164218.7282748902
1966-06-01,48504.4,48219.6,41075.7,20479.8,6562.0,53000.05804231623,59838.301216602806,78066.57646173268,91386.55049695952,165700.99643098778
1966-07-01,48413.4,48091.8,40914.4,20459.2,7044.8,53230.498920992446,60070.484377012384,78349.92422204376,91925.90998165618,167499.0864643745
1966-08-01,48306.4,48005.8,40880.8,20835.8,7150.7,53362.92629032507,60252.18195551096,78863.25635878289,92999.96145136596,168987.96826667868
1966-09-01,48219.6,47946.1,40749.0,20558.0,7036.7,53543.53246180988,60474.997284369056,79272.71816821836,93304.02666075624,170615.77943115344
1966-10-01,48153.9,47861.8,40780.9,20713.6,7352.8,53682.56288477459,60767.72796623038,79696.32448857906,94009.80742241736,172186.736152482
1966-11-01,48038.8,47708.9,40728.8,20504.0,7878.9,53881.62115394987,60937.00140208556,80014.63014807564,94367.21367556049,174076.38173032613
1966-12-01,47846.3,47668.1,40806.5,20580.5,7925.9,53941.705903585294,61158.76715647561,80776.54344376357,95150.51138444933,175951.9581706893
1967-01-01,47766.7,47475.6,40558.2,20321.3,7967.9,54168.54056461185,61263.304257025586,80927.92503044504,95513.41361999603,177572.54930212483
1967-02-01,47746.5,47540.1,40928.8,20548.8,8340.6,54131.06938256439,61487.44231945974,81411.76737876002,95979.32106888673,179307.5652461125
1967-03-01,47657.0,47585.9,40807.8,20517.7,8805.6,54366.066371098306,61702.61281780897,81621.37799185266,96546.80682451963,181159.26620653135
1967-04-01,47529.0,47546.7,40886.0,20555.3,9040.3,54444.279705646455,62073.95105132444,82274.32048269307,97192.38944262388,183012.4852881476
1967-05-01,47437.4,47305.8,40901.9,20583.9,9422.3,54679.572913881144,62106.59496346226,82730.55945047688,97893.71314333157,184891.3241099274
1967-06-01,47336.6,47429.8,40653.1,20430.7,9780.1,54896.045065398124,62542.149616256575,82901.45262023124,98334.6445122188,186638.28512538483
1967-07-01,47166.0,47299.8,40714.7,20327.2,9929.4,54988.005126370765,62724.33693693204,83643.60012849492,98887.92463502419,188283.18520498142
1967-08-01,47289.4,47220.5,40619.2,20108.8,9534.2,55300.7536279771,63008.60524519206,83789.63666335937,99231.41539720843,189973.67559147064
1967-09-01,47071.7,47214.9,40635.0,20166.6,9914.0,55325.7374787419,63348.91159891121,84346.17230069055,99928.87628175017,191955.8018173281
1967-10-01,46980.7,46971.9,40440.5,19992.0,10229.1,55562.96288406113,63379.387736690696,84561.78654063812,100338.304900084,193537.82281246447
1967-11-01,46808.5,47038.0,40656.1,19907.6,10064.7,55645.561692335854,63784.467597265924,85389.16005683105,100980.06253403578,195168.66243730488
1967-12-01,46698.3,46980.8,40592.2,20059.5,10228.1,55857.02697075016,63990.886593847616,85912.72897643152,101765.1102951738,196390.97219885417
1968-01-01,46651.4,46908.3,40444.8,19718.2,10510.4,55918.44091015255,64318.883306451215,86045.1028586494,102030.54727199214,198198.8282593461
1968-02-01,46624.5,46856.6,40846.2,20005.0,10567.6,56186.133788111416,64368.7749942988,86759.07008722489,102766.6708638771,199784.1892488548
1968-03-01,46454.9,46861.5,40753.8,20070.3,10704.5,56280.30282720787,64625.61629923196,87005.15505902191,103373.7313645654,201627.09367115764
1968-04-01,46332.9,46841.0,40665.1,20200.9,10827.5,56468.56156688723,64856.808797020945,87484.37021097603,104184.78541135992,202796.32886401622
1968-05-01,46263.9,46798.6,40589.4,19886.3,10963.5,56740.626518003446,65227.16643512544,87840.98677496742,104465.48368831369,204541.18462236944
1968-06-01,46070.2,46597.2,40698.1,19914.7,11380.8,56802.48287374613,65340.75648611499,88421.41556514714,105234.67366061224,206635.9182033301
1968-07-01,46045.8,46523.4,40525.4,19815.0,11227.8,57066.87073133296,65540.24284903979,88736.15778525059,105789.27036435321,208064.77125687996
1968-08-01,45884.1,46395.6,40598.4,20073.4,10843.2,57156.21885178666,65787.25184883636,89151.70111320242,106549.08790078349,209173.59504796224
1968-09-01,45886.6,46401.6,40591.2,19695.4,11437.0,57433.010434766526,66043.86822610155,89691.33081828787,106781.26006540452,211354.2581822703
1968-10-01,45705.0,46478.1,40539.8,19578.8,12002.8,57510.52197255347,66440.53907977502,90235.40901294422,107472.030779899,213686.64998897593
1968-11-01,45698.9,46278.2,40620.7,19411.1,12024.8,57801.46204504212,66535.51369473466,90606.74826480763,107884.70005257156,215189.00177327322
1968-12-01,45504.7,46216.7,40540.0,19398.7,11936.8,57851.739466885905,66866.22744795927,90954.00060714451,108558.74919349226,216671.4620960602
1969-01-01,45437.4,46176.7,40558.2,20003.1,12418.9,58131.64850234337,67137.0505476174,91619.47463503598,109787.84717854703,219099.76123951186
1969-02-01,45474.9,46071.2,40740.6,20347.2,12504.1,58282.66507757212,67313.19622448154,91918.08818749683,110637.3614289294,220771.8071989215
1969-03-01,45371.1,46124.1,40634.1,20366.4,12394.7,58395.36835219801,67576.08515912514,92332.59825393316,111246.6579584903,221874.4922468306
1969-04-01,45366.0,46267.4,40650.5,20516.2,12423.3,58688.22689054045,67805.44354450214,92539.69882314172,111944.71648075026,223606.42684018126
1969-05-01,45160.6,46184.7,40628.8,20968.1,13073.3,58732.71809969106,68109.08460379325,93150.38558016458,113076.79453505136,226076.60200572625
1969-06-01,45088.1,46021.6,40560.5,20517.4,13486.6,59005.685440660905,68200.98050321564,93347.39937608213,113355.99657048978,228265.72256483109
1969-07-01,44901.1,46191.2,40524.2,20684.1,13220.8,59071.55856802456,68728.56068913417,93949.11108183338,114259.758984566,229411.22573269552
1969-08-01,44805.4,45947.3,40523.8,20855.0,13584.6,59294.446478195205,68769.48365219045,94236.74024592414,115083.244746285,231723.09700981952
1969-09-01,44802.1,45905.1,40579.8,21438.8,14254.8,59478.492483417904,69128.00775766972,94706.7711668202,116351.12667916504,234389.1596122426
1969-10-01,44695.0,46001.0,40404.3,21423.3,13810.8,59701.521979482786,69516.91263282626,95024.71601997965,117018.72742813434,235294.72226824146
1969-11-01,44500.6,45831.0,40250.8,21760.2,14148.8,59764.295129003796,69670.64635204063,95372.01299100045,118279.59421998558,237181.77682003967
1969-12-01,44405.1,45908.4,40352.7,22416.3,14674.4,59990.753516132245,70083.9416401662,96021.2917581304,119679.09193993188,239604.29802776448
1970-01-01,44296.7,45859.9,40186.6,23024.2,14674.1,60214.99663160701,70347.26135939242,96212.39245220844,121403.93098779334,241815.97609176097
1970-02-01,44252.4,45828.6,40267.0,23484.8,15046.7,60281.34862312075,70712.50745754484,96827.58161460677,122880.51204121471,243668.4464855427
1970-03-01,44099.4,45586.3,40282.8,24188.6,15417.4,60421.57352064833,70749.78770294022,97106.52843461258,124138.25716980062,245511.19126843166
1970-04-01,44008.3,45849.5,40337.7,24907.1,15664.6,60556.50905660119,71371.32407541406,97586.79845717976,125864.62744062235,248025.78099472733
1970-05-01,43908.1,45837.1,40284.8,25312.6,16269.3,60790.83884097084,71424.09327927564,97892.25238756697,127025.97560621651,250185.0021297795
1970-06-01,43713.1,45778.2,40448.1,25979.3,16339.2,60854.41928159368,71780.46556426214,98334.32090741371,128714.19636979529,251741.9391179079
1970-07-01,43739.7,45756.0,40405.8,26532.1,16498.1,61182.7274392046,72032.2067673744,98905.74151158039,130145.29056528409,253290.59326852672
1970-08-01,43527.3,45667.1,40190.0,26878.2,16663.1,61221.35258596918,72344.03824542528,99182.68628254742,131518.91901150782,255519.52466796825
1970-09-01,43476.6,45612.2,40101.0,27476.4,16730.5,61438.33992114912,72602.15808056641,99507.4339902971,133074.47113903303,257975.21024412403
1970-10-01,43371.1,45763.5,40113.5,28296.5,17185.1,61549.31664292554,73041.65538809572,99926.24804908202,134642.40003080587,259872.42378369256
1970-11-01,43270.3,45743.8,40146.1,28146.5,17516.4,61787.44988722764,73460.31607276891,100318.24742006477,135247.0076984659,261776.57082676864
1970-12-01,43189.1,45597.2,40170.1,28504.6,17572.4,61940.45086380233,73588.88722384952,100806.18624695389,136427.78827252655,263849.3076205094
1971-01-01,43108.8,45584.8,40059.1,28739.5,17587.4,62193.86791280597,73934.63534591439,101243.22341816266,137247.07543878668,265135.13964023034
1971-02-01,42997.8,45474.6,39834.9,28971.2,18010.4,62415.311648487164,74114.04209459905,101515.63639432323,138365.85586592925,266858.38533374463
1971-03-01,42788.0,45539.9,39974.7,28915.2,18218.8,62455.078103296684,74592.09009517475,102400.18903633811,139001.7547105871,268657.32393176586
1971-04-01,42920.6,45453.1,39881.7,29404.7,17644.9,62692.51607151988,74799.62101575114,102610.254622961,140196.34806152724,269899.57142094744
1971-05-01,42834.8,45513.0,40164.2,30012.3,18119.1,62837.64226569224,75238.32649063316,103138.01010813941,141348.13609041096,271223.5336722379
1971-06-01,42726.2,45697.7,40173.6,29817.5,18533.6,63069.92425836229,75422.07362135069,103430.86404206864,141705.04013560468,273177.77822883846
1971-07-01,42555.5,45629.9,40270.2,30226.0,18721.7,63151.42838579874,75672.8043185485,104201.97093230904,142852.80011178562,275533.6308769464
1971-08-01,42442.5,45732.6,40230.2,30450.2,19035.1,63377.81333356685,76114.2245082277,104726.29506458995,143774.5667817813,276717.51128560695
1971-09-01,42245.9,45535.8,40080.8,30614.5,19096.1,63442.98189266748,76235.87811202224,104968.12369561427,144850.72576832713,278272.6310846373
1971-10-01,42356.0,45444.6,40350.0,30642.5,18781.7,63778.76014264728,76537.74698394105,105751.18019304665,145565.8874112796,280100.83716962044
1971-11-01,42178.6,45466.8,40378.4,31348.3,18882.9,63873.19328551603,76841.62681313358,106204.17242504594,146941.72174183736,282064.4851524598
1971-12-01,42091.9,45562.1,40389.5,31523.8,19316.6,64131.99945156518,77152.68801315711,106629.40394057457,147714.65287942457,284076.7734868712
1972-01-01,41998.8,45493.9,40349.6,31545.9,19732.9,64378.39980200399,77361.97145087931,107012.75159551988,148547.85419778593,285834.04522533313
1972-02-01,41888.7,45595.7,40438.8,31732.1,19880.6,64490.550580944284,77851.37816385213,107645.84185683471,149365.21478833907,287871.41433949675
1972-03-01,41682.3,45364.7,40432.1,32096.1,19387.1,64540.72537217618,77918.4080020034,108065.1910997863,150563.93591682793,288930.0008354388
1972-04-01,41856.2,45332.2,40458.1,32080.5,19819.8,64801.043343452424,78326.9614526186,108601.58653071735,151401.95880521348,290830.96973931626
1972-05-01,41760.9,45401.9,40312.0,32495.8,20107.1,65056.961543028665,78654.50823760834,108949.94595786737,152375.16530283622,292136.88851041126
1972-06-01,41538.7,45360.7,40642.9,32843.4,20434.1,65087.36548166967,78969.34161791313,109727.7002072251,153287.58167444615,294467.58373242227
1972-07-01,41546.9,45498.7,40689.2,33057.8,20734.0,65411.26865278388,79037.50644268692,109962.51118934428,154140.8935103783,296400.6216101594
1972-08-01,41310.9,45593.8,40743.8,33186.2,20670.7,65422.521401612496,79577.5083729344,110523.90771914968,155071.3437183744,297804.14279300714
1972-09-01,41230.7,45476.7,40430.7,33277.8,21109.5,65704.08836603025,79748.36873991704,110624.55676852827,155968.14863426442,300007.29486028984
1972-10-01,41140.0,45450.0,40663.1,33486.0,21179.1,65842.491747773,80081.34481471532,111520.70238545148,156985.28166678557,301086.1384205339
1972-11-01,41079.9,45552.7,40556.3,33448.2,21250.2,66063.56180469097,80548.1580230113,111948.51490261048,157554.38535086508,302535.3593856795
1972-12-01,40969.5,45469.5,40574.7,33846.3,21372.1,66176.75222924672,80762.2404719901,112279.52003722178,158727.73338508513,303600.1237591059
1973-01-01,40920.5,45547.0,40812.4,33818.3,21966.3,66458.30875610831,81077.91210105665,112843.2349020337,159230.7409390885,305607.48484327627
1973-02-01,40855.2,44962.3,40739.4,34163.5,21579.7,66764.38225880623,80885.04317314927,113304.77353403959,160354.12807993992,306804.15538184403
1973-03-01,40667.6,44958.0,40649.5,33958.0,21735.6,66836.90908339659,81249.70473382247,113813.40112487243,160806.7098468773,308734.1916892984
1973-04-01,40578.1,45007.5,40619.3,34138.8,21975.4,66978.7478109454,81615.34273822403,114250.21826971613,161794.02037213175,310175.39945908025
1973-05-01,40565.6,44965.0,40726.7,34122.5,22268.7,67276.49343847952,82010.16191234406,114786.55850175917,162541.58345909175,311866.15335715556
1973-06-01,40488.5,44803.3,40670.3,34447.0,22776.8,67265.26121136625,82113.17909250487,115324.17767517598,163537.82605256804,313306.42934879084
1973-07-01,40424.6,44951.0,40770.0,34587.5,23175.4,67541.54269813835,82749.043939425,115949.34717941855,164351.99102620504,314953.2680221341
1973-08-01,40262.8,45103.0,40977.9,35159.1,23968.2,67666.06485742236,82818.91615513398,116262.45381458662,165433.04622142456,316612.6225590719
1973-09-01,40164.2,45110.1,40976.3,35384.7,23755.1,67925.65523636036,83201.6240979973,116931.09023984073,166275.53550460888,317978.31630874524
1973-10-01,40156.1,45009.6,40999.3,35215.8,23405.8,68109.23531838803,83405.58580574805,117363.16869638258,166840.79771833052,319695.8431929393
1973-11-01,40057.3,44965.0,41115.8,35445.9,23507.4,68369.05670623225,83793.91909785445,117990.8499633199,167933.9481836369,321352.3855631938
1973-12-01,40020.7,44955.1,40904.2,35711.4,24108.1,68587.71364229731,84099.21348086438,118299.15604075778,168884.8479317589,323234.8965303544
1974-01-01,39883.0,44971.6,41195.3,35679.5,24659.8,68698.94671358183,84509.29907438853,119196.98027033515,169525.81476200675,324521.94925075734
1974-02-01,39906.6,45012.7,41363.5,35847.8,25445.4,69056.31818096814,84577.94414759283,119644.9725509694,170200.34296139883,326201.17348627397
1974-03-01,39709.4,45148.7,41403.6,36125.0,25520.7,69126.39829600396,85115.026051743,120112.97071618313,171338.85925005778,327524.32857288973
1974-04-01,39610.7,44943.6,41488.0,36330.3,24892.5,69388.97613702371,85242.78754397153,120597.27552754525,172126.59026558202,329218.64886601834
1974-05-01,39519.0,44959.1,41567.0,36293.6,25438.5,69530.0217555937,85640.86148361397,121380.23971800352,172865.66638558777,330860.77165990666
1974-06-01,39561.9,45025.6,41481.9,36117.8,25465.9,69703.00203235312,86008.12763557743,121914.99563899248,173438.65611269532,332422.8447740251
1974-07-01,39362.7,44917.6,41290.4,36245.9,26317.0,69773.72979862201,86307.1275841238,122264.65943663179,174456.9548707264,334542.329280865
1974-08-01,39446.4,44967.5,41822.7,36197.4,26612.1,70173.10626697064,86757.57927216888,123087.53307666865,175130.54087686198,336060.2730961119
1974-09-01,39244.8,44999.9,42220.5,36727.9,27444.5,70243.18714263722,86748.75575085917,123473.317880828,175946.11404786538,337556.36854778294
1974-10-01,39146.9,44692.4,42197.9,36863.6,27917.5,70504.40121084641,86944.14308201942,124103.30986135882,176928.55972472808,339491.1853574241
1974-11-01,39048.0,44591.6,42174.1,37203.3,28245.3,70644.45560850634,87181.24565804786,124440.08307030513,178051.38333516722,341197.70612425805
1974-12-01,38948.3,44572.8,42313.7,36685.3,28922.3,70908.2763278652,87523.43457713356,125361.07101138783,178382.12510291868,343173.9024242989
1975-01-01,38839.6,44410.6,42297.1,36649.5,29189.4,71016.91181714708,87626.32494125901,125597.19928799721,179155.61176452783,344690.9770679303
1975-02-01,38817.8,44538.9,42352.5,37223.4,29669.4,71332.92387546036,88217.62401703591,126257.72846245888,180396.08281297758,346661.4052899457
1975-03-01,38644.2,44685.5,42589.3,37205.5,30250.2,71417.47479247171,88355.14452763913,126610.16677805407,181187.57703627966,348259.48990110494
1975-04-01,38542.3,44612.9,42642.4,36973.3,30689.4,71679.87722436471,88716.36446119234,127265.16852636641,181621.66652078956,350083.51541444124
1975-05-01,38533.6,44578.6,42105.0,36879.1,30855.7,71867.51263911485,88973.52757509144,126880.59469700899,181856.4385323092,351348.2671652318
1975-06-01,38461.5,44652.3,42500.0,36413.6,31691.1,72172.41683981492,89492.62747915172,127617.62445332976,181616.49671657034,353657.52308835293
1975-07-01,38387.4,44172.5,42262.7,35709.0,32037.7,72167.92592619584,89190.47112313438,127894.94820450623,181112.65314162895,355064.9299719857
1975-08-01,38317.9,44199.7,41868.6,34921.5,31787.3,72454.91375016911,89633.12852468234,127647.99108067989,180917.42752626742,355381.1836412183
1975-09-01,37683.6,43965.4,41418.6,34426.5,31379.5,71894.65696450915,89543.90846605803,127315.80575281644,181090.72368244966,355156.9192769272
1975-10-01,37582.3,44093.7,41903.2,34666.6,31205.9,72160.0756298107,89703.00413902907,128026.27112849403,181609.7672643799,354168.006568587
1975-11-01,37463.8,43317.1,41734.1,35085.0,29653.0,72274.51790807355,88721.02543672748,127701.35474044291,182565.69064129583,350469.1813317304
1975-12-01,37354.7,43306.6,41685.1,35142.0,29967.1,72410.54835381375,89074.20175736131,128185.9146122884,183346.20669166357,352027.9140991363
1976-01-01,37248.8,43393.9,40135.4,35605.5,30474.0,72665.41297664706,89697.46747998084,125868.99951069057,184576.37622419494,353854.8424418628
1976-02-01,37133.0,43532.1,40175.6,34288.2,30869.8,72762.06133998984,90221.8613486283,126635.73947806186,183579.83623711087,355281.3088887921
1976-03-01,36611.2,43836.4,40425.0,32915.1,31398.9,72200.31008674564,91028.27729667304,127806.65062855254,182651.49385613517,357253.54451253056
1976-04-01,36488.2,44059.0,41073.4,33776.0,31402.5,72315.87865868586,91515.54096314886,128941.47709561884,183982.61860174607,357547.7615745125
1976-05-01,36385.5,44211.3,41563.1,34206.8,31458.9,72579.22169946437,92021.75600856572,129818.50789420505,185030.76081848302,357612.7755891062
1976-06-01,36180.7,44192.6,41786.8,34666.1,31471.3,72653.07461575334,92380.2441376582,130875.99632544455,186408.44077005264,357957.4986550002
1976-07-01,36178.0,44266.6,42148.5,35132.3,32061.7,72987.65034198898,92903.54880579704,131815.43261128417,187371.16631615916,360083.8848873505
1976-08-01,36139.0,44248.5,42240.2,35215.7,32508.7,73042.82389880001,93186.1410132668,132726.06636209617,188326.46891740948,361866.29258395365
1976-09-01,36119.3,44356.5,42977.9,35898.5,33740.9,73347.79984286433,93763.67349915188,134233.18849545202,189866.68963439116,364530.8688954278
1976-10-01,35967.9,44344.0,43107.4,36533.7,34135.1,73458.17419373953,94171.03289700548,134939.71308221723,191150.1048182059,366099.23350717966
1976-11-01,35762.2,44507.4,43918.9,36798.5,35062.3,73531.76696397581,94597.09096795737,136465.97454184524,191969.4938903054,368453.0345093147
1976-12-01,35652.9,44717.4,43866.1,37033.5,35458.2,73787.03961544405,95008.72664503568,136823.34098915043,192649.52326915666,369456.4538092262
1977-01-01,35738.2,44691.7,44514.0,37827.4,36137.6,74169.12060779292,95369.38565161604,138409.02407317556,194250.8139998389,371739.18358177476
1977-02-01,35532.6,44704.9,44620.8,38524.0,36744.0,74244.11529572189,95702.93724675098,138973.65053755094,195769.75891365632,373531.60338257265
1977-03-01,35552.9,44728.1,44802.1,38697.9,38071.7,74440.02513649645,96194.0966546862,139717.8007544334,196715.97488903752,376438.3134146358
1977-04-01,35398.7,44735.9,44879.1,39085.8,38234.6,74550.83752126613,96608.07488156579,140290.40958704197,197933.88609151513,377877.4475076983
1977-05-01,35293.6,44806.8,45065.4,40022.9,39180.1,74816.1585624686,96940.10330187285,141095.52603285792,199616.4771496971,380962.94235717115
1977-06-01,35170.4,45066.4,45467.5,40653.4,40646.7,74934.09549019279,97339.73208556148,141813.6999346913,200756.73098122183,383121.80895232264
1977-07-01,35003.4,45140.8,45806.6,40826.7,41206.6,75066.88175398433,97867.00220855285,142691.0155344991,201725.5190037801,385092.67146528076
1977-08-01,34992.6,45184.8,45931.9,41721.7,41873.5,75392.97990485144,98302.04332656457,143265.41173287042,203301.5790008364,387225.5821514121
1977-09-01,34890.2,45190.1,46009.9,42475.3,42490.5,75662.91957065598,98714.4114306518,144093.44413450753,205060.6208937846,389099.95293647447
1977-10-01,34808.8,45068.7,46144.9,42840.4,43567.2,75671.06768816379,98909.64226117358,144782.980883996,206225.99224863324,391530.7609435901
1977-11-01,34710.0,45164.3,46330.0,43368.4,44171.9,75807.07550676842,99406.1213619832,145548.48841231954,207549.0052655303,393612.3691460504
1977-12-01,34639.7,45162.0,46563.0,44065.2,45280.8,76126.3153625458,99628.04323750082,146158.86409048963,208890.73046122037,396199.3970809255
1978-01-01,34433.4,45438.0,47004.1,44989.3,46080.1,76203.78006692902,100241.56872830309,146636.7166105482,210412.2858496042,397798.7366390893
1978-02-01,34429.7,45191.7,47223.7,45380.1,47125.6,76540.08245945389,100326.96350328205,147657.64357537788,211560.53935691525,400278.9969817441
1978-03-01,34225.0,45465.2,47105.5,45552.6,48068.6,76617.60318186242,101087.7405159608,148145.38514674624,212472.72756975974,402947.20595030254
1978-04-01,34115.6,45477.8,47254.0,46339.8,49057.6,76881.62782008889,101486.07661458898,148988.24708307997,214161.93037294623,405462.2464760163
1978-05-01,34171.9,45295.8,47393.7,46945.5,49713.3,76965.42867554959,101617.40877406565,149558.74692875706,215598.9733145262,407330.5190505753
1978-06-01,34102.8,45234.8,47894.4,47391.9,50473.4,77292.00333914097,101999.34447588921,150629.483205351,216900.42458052293,409177.7662603654
1978-07-01,33919.0,45332.6,48120.5,48179.4,51503.5,77381.8796704586,102341.48442043323,151182.83425798637,218278.42273380014,411373.2867925432
1978-08-01,33911.8,45448.3,48385.0,49010.9,52833.9,77717.78938469908,102684.59788330262,152003.1592690684,219872.86056640904,414583.8537480017
1978-09-01,33703.4,45423.3,48323.5,49307.3,53646.8,77796.28638551958,103054.23944813397,152429.35880032356,220990.21785995166,416820.70514812216
1978-10-01,33675.4,45434.9,48826.5,50183.7,54323.2,78102.70346323913,103500.33728173707,153471.87134473716,222672.6648498743,418888.47454657377
1978-11-01,33635.2,45329.9,48888.6,50275.9,55330.8,78130.97839426078,103823.67834025146,154051.73763108146,223661.64766770662,421230.8779432539
1978-12-01,33521.2,45216.0,49055.4,50957.8,56331.4,78389.16026934677,104139.57776305158,154919.91013940074,225243.78900096472,423858.75342099514
1979-01-01,33321.0,45433.3,49168.2,51823.4,56921.1,78472.44965945408,104564.72423979535,155364.07162232415,226736.34539467495,425146.827156206
1979-02-01,33318.7,45583.6,49759.0,52352.3,58029.4,78814.95520810473,104950.06124099637,156504.90127433353,227956.02969532425,427305.0036616312
1979-03-01,33195.3,45494.7,49806.6,52876.8,58477.2,78936.01865090204,105275.70458145707,156925.77725734617,229285.1817292653,428699.40911650955
1979-04-01,33024.0,45478.9,50238.1,53969.5,59357.6,79072.66659921815,105677.13267668965,157917.5030003887,231314.76311018763,431344.06293950026
1979-05-01,32956.5,45475.5,50129.4,53942.0,60535.4,79368.68916259667,106066.2689079594,158318.49020545054,232138.88647005172,433977.46680474863
1979-06-01,32981.9,45474.1,50093.4,54369.4,61845.6,79570.70493794951,106484.46725274067,158982.68384757437,233400.66421080392,436936.37342427275
1979-07-01,32773.7,45478.9,50299.2,55229.0,62181.0,79651.59730427395,106883.11930894939,159831.81121263411,235102.79357714526,438606.594395884
1979-08-01,32650.9,45539.8,50957.3,55548.4,63300.8,79775.5786391494,107199.46031559841,160833.83320547536,236249.81134252314,441093.99766837305
1979-09-01,32638.5,45513.5,51004.8,56940.6,64316.4,80106.80184915636,107586.39830000197,161278.3012123936,238321.56840668496,443597.3237701558
1979-10-01,32429.8,45529.5,51270.0,57111.1,64903.4,80188.25558895766,107888.79644878177,162133.18369442108,239310.94649497798,445061.2468334368
1979-11-01,32330.9,45507.8,51404.5,57737.8,65800.0,80465.50147934344,108180.93877881939,162841.7386177621,240969.2194478143,447705.4422655841
1979-12-01,32302.6,45587.2,51306.0,58490.9,66240.5,80514.6153388039,108727.02030089444,163278.77624480164,242540.09911556664,449251.1567788854
1980-01-01,32315.0,45399.9,51772.4,58928.1,67392.9,80881.46878817999,108893.21637421782,164280.38863763784,243959.0753209098,451894.3267270568
1980-02-01,32066.2,45486.0,51750.7,59061.0,67958.4,80906.42196156138,109472.59442029822,164745.5748649009,244907.9031731452,454647.82204867096
1980-03-01,32101.3,45415.4,52043.1,60182.7,68541.6,81304.23601654057,109595.42969303054,165577.21356075676,246794.00022693237,456479.19968632376
1980-04-01,31890.6,45611.5,52234.3,60565.0,69619.7,81386.63243664637,110101.92398283612,166129.58235134804,247855.0256128682,458590.5877269931
1980-05-01,31680.2,45556.2,52599.7,60943.4,70318.4,81469.14866077287,110364.72469126074,167043.5635954818,249077.12223289843,460512.93719436135
1980-06-01,31665.3,45451.1,52680.4,61799.5,70986.9,81786.17449184864,110696.50103418405,167644.35423386286,250868.6334333613,462616.1430755524
1980-07-01,31568.6,45492.7,52921.0,62076.6,72147.4,81813.67028559471,111174.82124718907,168643.98768345636,252005.83236954393,465278.0521098707
1980-08-01,31459.1,45273.8,52988.7,62770.7,71802.2,82087.22835083558,111327.13350382187,169118.62757448625,253606.890367772,466858.03170814144
1980-09-01,31342.5,45395.1,53145.0,62957.8,72569.8,82235.10620335926,111724.66550652297,170049.68866318,254637.57472917374,469238.6957551088
1980-10-01,31315.4,45411.1,53298.8,63865.3,73489.3,82544.49638454267,112102.37745268582,170566.3404496913,256456.1508133722,471249.9866190508
1980-11-01,31102.9,45462.3,53717.8,64725.5,75092.8,82627.82371903816,112425.0856506975,171169.9361581934,257817.55828675526,474006.8126446192
1980-12-01,30989.6,45360.3,53900.0,64888.5,75775.7,82899.36587507102,112760.78019816996,172089.11831761277,258926.447604656,476368.1398841423
1981-01-01,30814.2,45307.3,53889.3,65136.8,76486.9,83003.44967904782,113142.49332987143,172668.39713035696,260036.7133313636,478408.73637007416
1981-02-01,30770.7,45333.4,54210.7,66065.9,77218.1,83080.8095678873,113596.88019307572,173592.1111847156,261990.10697456583,480526.31884157326
1981-03-01,30743.5,45376.2,54452.4,66167.6,77249.9,83387.87039058965,114001.72342050116,174213.28362747392,262888.1279408917,481294.7749319191
1981-04-01,30632.0,45460.1,54749.3,66753.8,78232.0,83540.37375358629,114348.74589260308,175045.45889952255,264330.2231236947,484113.3438556627
1981-05-01,30530.9,45390.6,54589.3,67570.6,78317.1,83820.81779135247,114488.00483718807,175374.82074564372,266040.5126443047,486027.5350582173
1981-06-01,30316.5,45442.2,55117.6,68003.6,79573.8,83904.98730674146,115011.74120526419,176351.97086899195,267061.60309070593,488815.2345893305
1981-07-01,30198.8,45403.4,55150.1,68651.4,80776.3,84145.98884055945,115462.02609150576,176897.74141605085,268742.8613634643,491546.8180916352
1981-08-01,30246.3,45445.2,55358.1,69128.3,81399.8,84265.26903383413,115883.10633641893,177629.0480864546,270071.00398477516,493945.0783954292
1981-09-01,30131.0,45440.7,55597.3,69712.8,81807.8,84538.87226070094,116249.1113189927,178428.36448903894,271677.96885888424,495795.39926438744
1981-10-01,30034.5,45468.2,55608.8,70214.9,82175.8,84700.88843853869,116544.2573215095,178962.81323771022,272876.9766915527,497852.8396671272
1981-11-01,29913.7,45436.6,55816.2,70484.3,83085.5,84965.31115703109,116939.47164637495,179844.38669509074,274068.16045042116,500425.66016658925
1981-12-01,29786.1,45454.8,55856.9,70800.7,83825.6,85094.03263246815,117250.24877092775,180273.5222749956,275319.1731350886,502522.34206278494
1982-01-01,29665.1,45416.2,56261.7,71712.6,84650.1,85336.10098434958,117624.7331443897,181096.8955897183,276899.56251367874,504405.4735473679
1982-02-01,29448.7,45598.2,56357.0,72172.1,85456.5,85421.57859834559,118183.69893216614,181651.46857405562,278386.71247842355,506507.54958073207
1982-03-01,29506.8,45382.0,56429.5,72452.7,85706.2,85691.36192146532,118341.04966578587,182382.84667165263,279533.0282393796,509102.1511327128
1982-04-01,29399.2,45574.3,56408.0,72960.6,86026.1,85850.42921241312,118869.02054039705,182962.79929112486,281045.5408807144,510729.97119274724
1982-05-01,29270.6,45429.5,56583.9,73239.5,87157.8,85980.37204980112,119152.53814730278,183559.7036482499,282020.11463103123,513346.497424671
1982-06-01,29148.3,45682.3,56778.4,73851.2,88291.6,86247.0653581906,119670.92671159153,184258.96548861152,283555.12748035433,516358.1810346164
1982-07-01,29019.3,45535.5,57163.1,74705.7,88417.5,86392.30686178023,119862.68300225888,184939.3926064849,285127.7697961039,517781.714795863
1982-08-01,28913.3,45513.2,57140.1,75009.4,89076.0,86666.9912994561,120274.98188807919,185633.14168928278,286341.6727393265,520509.0294507654
1982-09-01,28828.9,45400.4,57384.5,75605.9,89927.4,86697.14706372343,120610.05891181345,186444.00495308088,287848.95927453577,522874.6806035522
1982-10-01,28903.5,45548.4,57429.0,75944.6,90526.5,87089.63810191327,121066.96516409604,187036.68023441584,289131.11761014047,524996.4815171516
1982-11-01,28685.7,45614.8,57594.9,76260.5,91889.6,87177.37293083695,121504.85080741976,187693.24718951518,290483.98581534,527848.2197562308
1982-12-01,28567.0,45599.6,57670.0,77247.1,91806.7,87449.41071524979,121925.35585549417,188260.8985188138,292254.2634489701,529057.9169799108
1983-01-01,28397.1,45715.9,57985.2,77730.6,92577.7,87569.93682061594,122336.21658405167,189057.18653935843,293559.2474366972,531533.1959697239
1983-02-01,28178.9,45487.6,58057.9,78323.4,93630.0,87658.73443004854,122493.95385188065,189757.59720141787,294996.6564089988,533748.4769212721
1983-03-01,28139.8,45443.6,58147.8,78616.0,94172.4,87967.70898561459,122887.65758854711,190277.3539294679,296177.69973221596,535796.8267879575
1983-04-01,28117.1,45509.8,58295.2,79133.5,94295.9,88017.21615614627,123331.92905308648,190935.8642196088,297702.1891082317,537573.4624409642
1983-05-01,28037.0,45322.2,58465.1,79578.1,95149.8,88353.437479503,123351.27536142012,191722.88206937868,299010.82089057507,539904.8258971822
1983-06-01,27823.1,45483.1,58262.6,80055.9,95460.0,88446.01093253317,124063.44152842842,192123.4714692033,300505.47118755686,542344.369269399
1983-07-01,27604.7,45369.5,58640.6,80512.3,95836.1,88504.76454600872,124319.13357095655,192990.35707815964,301736.22572043136,543654.0569801617
1983-08-01,27560.8,45618.0,58737.5,81003.2,97007.5,88809.06509760764,124871.24483064769,193594.19931177344,303011.03306088084,546098.493595198
1983-09-01,27378.2,45516.9,58794.6,81586.2,97357.5,88956.00191080732,125113.60711276239,194222.5892579039,304508.8461348865,547887.7535678372
1983-10-01,27164.4,45484.0,59265.9,82169.2,98041.6,89049.23276130894,125612.35760156013,195050.68482117951,305994.55745443143,549802.5836844025
1983-11-01,27265.5,45383.4,59138.8,82770.2,98832.5,89329.6121777842,125879.07890705623,195613.86451987494,307609.9181773349,552342.0244504808
1983-12-01,27044.9,45352.3,59156.9,82891.5,99087.4,89420.34878339742,126058.49797794498,196262.91308539847,308686.5588159146,553848.6112823412
1984-01-01,26971.7,45440.6,59037.5,83568.0,99344.2,89683.13717881046,126664.65989743681,196750.233291546,310306.98770375404,555270.0406492522
1984-02-01,26772.8,45426.5,59644.1,84128.1,100239.5,89789.41808080109,126984.94300091032,197784.0544693182,311555.6270882011,557731.3166507189
1984-03-01,26647.0,45521.9,59708.4,84546.4,100082.2,90059.25524650731,127463.54382458626,198204.61723358292,312776.6693132835,559334.7064249733
1984-04-01,26425.6,45461.0,59721.2,84966.1,100879.4,90151.59726840365,127755.08804827392,198890.8751450291,314179.92758518696,561619.3533959931
1984-05-01,26437.0,45396.7,60008.8,85385.8,101294.3,90262.53368923343,128114.07578669011,199751.6319248036,315542.6815971353,563504.2541243441
1984-06-01,26392.4,45412.2,59873.7,85747.1,101402.5,90574.30084644441,128537.4862985719,200294.78035138885,316897.9167581503,564698.2882295544
1984-07-01,26170.8,45401.5,59817.3,85936.2,101780.8,90666.65007941025,128726.04586593102,200793.99278644324,318006.7504908242,566511.6996259359
1984-08-01,26078.5,45386.8,60123.6,86640.6,102256.2,90938.22208907662,129244.30667778841,201582.80533661044,319768.78824731405,568451.2753185526
1984-09-01,25853.5,45404.5,60236.0,87115.5,103205.5,91027.82622332824,129489.2375066575,202093.37878482477,320842.7951796989,571164.9960761971
1984-10-01,25726.1,45350.5,60460.9,87524.7,104027.0,91300.82648335908,129864.26685432413,202795.82826546943,322114.3797770013,573092.0204584174
1984-11-01,25583.4,45247.4,60416.8,87868.9,104247.5,91434.345824021,130249.19831888069,203347.9375715973,323475.7947817047,574671.4030685034
1984-12-01,25580.6,45354.8,60574.4,88428.1,104646.3,91550.18286916624,130710.9066041885,204157.3568534276,324972.476330757,576305.9899981857
1985-01-01,25461.4,45406.4,60606.8,88804.8,105396.8,91826.12452673803,131101.6615914705,204701.17885716024,326335.316791657,578816.6484760668
1985-02-01,25236.4,45322.8,60571.8,89003.5,105055.8,91919.52869911087,131384.53946657668,205192.35853803135,327458.82743577263,579854.706424482
1985-03-01,25121.6,45361.5,60695.9,89583.9,106843.9,92176.0391246614,131920.9860789994,205935.33965864682,328999.95945067296,583255.9597105526
1985-04-01,24975.0,45344.9,60725.1,89900.5,107761.5,92307.93545519258,132114.68191137744,206336.23059110207,330033.3633027795,585054.2545480053
1985-05-01,24845.2,45330.6,60969.2,90365.1,108434.2,92581.53549625564,132493.30826976383,207106.8207685214,331377.7746930902,586891.4598424104
1985-06-01,24877.5,45104.3,61257.4,91175.5,108908.3,92688.73089510096,132666.429297987,207872.77606224013,333203.35241652525,588651.6453634716
1985-07-01,24664.4,44990.3,60983.3,91176.1,109672.0,92788.95680126308,133001.52267386514,208155.33631670897,334078.2866902274,590638.1846925315
1985-08-01,24495.5,44968.8,61142.0,91673.8,110628.4,93007.17521454401,133437.10913868336,209022.53022315295,335655.70237167465,593149.831220709
1985-09-01,24404.9,45137.3,61211.1,91923.9,111385.8,93177.76342078617,133892.85146966504,209637.7167800839,336784.6582826249,595124.9116247781
1985-10-01,24314.2,45180.3,61453.0,92181.8,112459.9,93513.48981451226,134194.2287308876,210349.34865968936,337791.4458043931,596884.9356034396
1985-11-01,24087.2,45120.1,61686.4,92821.9,113075.9,93608.69418643169,134562.62534469055,211043.63792837833,339371.87593272957,599035.0710683622
1985-12-01,23926.3,45014.9,61926.7,93362.5,114219.3,93719.19080488384,134926.29310227945,211741.19974894405,340804.09076550126,601574.4886035958
1986-01-01,23916.8,44994.1,61783.3,93794.3,114561.6,93944.14398022783,135365.61689607726,212143.67985508207,342207.48855208035,603423.2562697227
1986-02-01,23776.0,44913.4,61811.5,93762.6,115640.3,94082.85804308644,135616.30867856566,212883.4278239045,343041.9749778606,606472.2717550976
1986-03-01,23581.8,44909.5,62197.1,93962.0,115873.1,94200.90865190444,135928.23898027142,213693.25085138588,344239.9296043386,607737.425957488
1986-04-01,23456.4,44884.0,62167.7,94746.2,117162.7,94476.24520034417,136247.09703003257,214217.82827302473,345894.6967528316,610614.6425292487
1986-05-01,23228.3,44932.2,62309.0,94829.3,117536.6,94571.91148779618,136607.1902701725,215114.15900555375,346916.1389285921,612290.6457363747
1986-06-01,23289.4,44801.7,62557.5,95416.1,118274.6,94969.99447685217,136943.07024863368,215505.6827166436,348252.6143468751,614226.2853784607
1986-07-01,23212.7,44854.3,62451.2,95991.8,118930.1,95014.74615266599,137419.0073267806,216120.6061011099,349810.56349617447,616784.242257903
1986-08-01,22983.2,44793.0,62708.5,96018.4,119559.0,95111.88036763162,137793.43985352374,216883.29228373803,350806.3289899111,618910.978872837
1986-09-01,22866.5,44933.1,62858.6,96275.1,120266.2,95363.24006689138,138144.03260964825,217712.7274430944,352141.63163876423,621230.7253347628
1986-10-01,22637.6,44748.8,62557.6,96908.0,120745.4,95460.46249183772,138411.06422521124,217934.40861221423,353684.11793230916,623176.8174124153
1986-11-01,22586.1,44749.1,62686.8,97166.3,121339.3,95779.37240049828,138738.92086974008,218624.80375738602,354822.58423645096,625181.5988773983
1986-12-01,22461.1,44775.5,63149.6,97280.9,122265.7,95950.06332862249,139090.49852384278,219484.02696232818,355733.18653246906,627631.6827783013
1987-01-01,22367.8,44841.1,63407.6,98306.0,122901.1,96002.89981013884,139682.87967587312,220254.1910758769,357713.6196068333,629819.652084353
1987-02-01,22236.3,44570.3,63177.3,98198.0,123312.9,96281.12287353574,139798.6696042642,220637.70657349372,358518.5369080191,631763.6852127982
1987-03-01,22046.5,44653.3,63087.8,98280.5,124434.3,96407.28854794468,140332.3880134827,221176.4425384303,359602.13852356636,634500.2220936569
1987-04-01,22001.3,44638.7,63377.3,98746.0,124756.8,96739.30181569893,140660.1118338892,222119.30395975642,361089.677364071,636556.4167565634
1987-05-01,21770.8,44580.3,63329.5,99353.5,125500.2,96839.00172256127,141042.44172828895,222486.6661928555,362549.6731248622,638583.0455783944
1987-06-01,21633.4,44828.8,63638.4,99546.6,126046.2,97117.34230323874,141538.2522812983,223302.96079999578,363794.5334318993,641001.1133130911
1987-07-01,21722.7,44595.1,63920.6,100029.7,126916.0,97359.2069823565,141712.19896164353,224018.81212582721,364985.55459605367,642764.7816392694
1987-08-01,21452.9,44548.5,63590.0,100355.1,127645.8,97403.58137432342,142216.54264711964,224259.08825384188,366318.46967342193,645227.9378391622
1987-09-01,21449.7,44554.3,63837.9,100823.5,128288.2,97758.50864252743,142581.9366984394,225221.4247364629,367914.807254871,647593.8965628931
1987-10-01,21292.7,44555.0,63915.1,100848.1,128470.7,97972.32102889514,142910.42871206658,225827.30110489792,368790.0174370384,649218.2040404957
1987-11-01,21062.4,44489.2,63870.5,101493.2,129557.2,98075.05296817898,143294.68267703135,226297.30750656806,370615.2214133803,652216.9327344324
1987-12-01,20996.5,44364.1,64144.2,101866.0,129817.9,98463.23342948315,143533.01668447035,227290.45217410938,371818.69956083584,653809.3781412388
1988-01-01,20970.5,44468.4,64328.5,102137.2,130563.5,98537.66670585079,144051.31091786548,227891.6199767142,372952.74614793883,656135.0915622398
1988-02-01,20820.0,44329.4,64470.2,102593.4,131776.7,98680.50860676028,144280.9525514562,228604.38414372838,374348.31475161976,658750.6189652669
1988-03-01,20754.8,44096.7,64464.7,102913.5,132078.2,99069.97854356396,144437.90069095822,229176.5370582493,375637.27864797384,660599.2603869106
1988-04-01,20555.3,44212.1,64399.0,103313.6,132467.7,99194.34452074373,144870.76952960526,229598.59531413126,377118.6812963674,662828.1631624779
1988-05-01,20487.7,44133.8,64588.8,103323.9,132766.0,99583.29724635331,145236.14664768087,230525.993414481,378077.0529921263,664569.5518313589
1988-06-01,20252.7,44046.2,64425.6,103831.3,133858.2,99686.95504321961,145605.53002913957,231041.4189530142,379631.1223156997,667406.7071134029
1988-07-01,20163.0,44243.6,64871.5,104088.0,134409.0,99843.24342131965,146087.2256566071,231794.47670212315,380585.89483525994,669065.8262554507
1988-08-01,20159.2,43995.9,64943.0,104630.6,134606.1,100074.83721673275,146261.53098736066,232402.36088158257,382232.325599439,670409.464971545
1988-09-01,19923.2,43964.5,65015.8,105035.1,135877.8,100178.92304472034,146773.3193959311,232961.2967511032,383488.0942307944,673259.7322096924
1988-10-01,19762.4,44143.2,65164.4,105451.0,136061.0,100333.61135974768,147169.57093759414,233659.21983007647,385064.9851844635,675298.9748306548
1988-11-01,19613.3,43894.4,65304.0,105451.4,136483.1,100601.5458198553,147343.93803328168,234414.55498326037,385945.4889849371,677232.5201183695
1988-12-01,19463.5,43999.6,65145.1,105911.2,137808.0,100749.82378286216,147931.07609679434,234906.23391683094,387496.2954755683,680070.2694240093
1989-01-01,19293.4,43842.3,65659.2,106272.6,138107.4,100869.83521813314,148189.54245983608,235791.27040518037,388595.3057514262,681640.0247697053
1989-02-01,19309.0,43925.0,65652.4,106252.3,138433.0,101121.20199268027,148579.05169003844,236250.6335428072,389507.459440495,683339.2909125664
1989-03-01,19074.7,43734.2,65810.3,107083.5,139347.3,101227.35712032922,148852.3820268479,236957.2627271049,391323.2778072796,686047.055038914
1989-04-01,18897.7,43658.0,65914.9,107330.6,139878.6,101375.66312488966,149187.40667436452,237723.63044624834,392571.5015691622,687807.4234753666
1989-05-01,18839.6,43779.5,65976.4,107355.7,140377.6,101695.50335650703,149669.06026315378,238301.6559877184,393609.22665451665,689944.8127961154
1989-06-01,18563.9,43528.7,65867.6,107779.0,140935.8,101745.28031035805,149846.32133033272,238831.9305961133,395129.62640744733,692190.384028171
1989-07-01,18427.2,43567.4,66073.3,108138.5,141904.3,102035.43364036719,150222.7161614825,239548.9348968877,396293.90261024144,694200.5245425288
1989-08-01,18423.2,43636.4,66465.2,108547.8,142293.8,102174.10174881783,150712.70954973312,240430.66641193858,397624.9554284931,696152.6462590739
1989-09-01,18364.8,43383.4,66628.1,109018.2,142954.2,102502.8749274868,150888.73026409597,241147.76736610182,399025.12724383106,698498.6174935496
1989-10-01,18161.3,43627.2,66541.0,108984.4,143687.9,102633.76935497942,151629.04789928757,241602.1014349374,399928.29573984613,700465.9259801373
1989-11-01,17884.8,43446.2,66775.1,109398.9,144113.0,102684.66985528506,151684.2367249954,242489.18664388132,401489.88475384476,702807.0345178524
1989-12-01,17740.5,43298.6,66744.3,109561.9,144487.1,102965.43146367134,151917.31878170514,243038.9225508494,402642.52732264466,704787.8196596083
1990-01-01,17606.5,43435.3,66652.6,109656.4,145172.4,103146.90563274843,152598.67200896607,243440.30402279552,403727.8783389183,706744.7815863942
1990-02-01,17417.3,43379.9,67121.5,110256.6,145779.3,103242.73071429507,152761.11273739356,244461.91072287268,405157.872363409,708773.6815418977
1990-03-01,17392.5,43139.6,67175.0,110298.7,146084.0,103476.67227421088,152943.9894973901,245095.29936740932,406176.1521773117,710619.8887465944
1990-04-01,17177.2,43162.9,67301.8,110940.3,146936.6,103604.17759144657,153518.90345886108,245823.29561012363,407833.78214225406,712825.0087150423
1990-05-01,16945.0,43009.2,67418.7,110956.3,147511.8,103717.44710938893,153755.8981140055,246405.03740749476,408796.50751608,715445.7873711094
1990-06-01,16793.1,42926.7,67419.3,111154.4,147973.8,103993.76211575812,153919.68800719854,247016.769492388,410038.71918317396,717122.8512135297
1990-07-01,16744.7,42963.8,67275.4,111620.1,148323.7,104221.14806405122,154512.3015532708,247571.54063385844,411629.3574006839,719248.9156392474
1990-08-01,16502.3,43055.3,67661.1,111834.3,149648.6,104331.50153562335,154842.68512558157,248509.0190607666,412709.8750963092,722173.6396448032
1990-09-01,16314.7,42893.6,67849.3,112296.1,149732.3,104555.60012638677,155183.1975692672,249018.15110105707,414177.390497102,723655.9349740194
1990-10-01,16259.2,42723.0,67835.5,112581.9,150434.6,104669.23516890932,155507.62176962403,249588.93548047714,415337.3328479046,726016.4548510514
1990-11-01,16016.9,42724.5,68014.8,112692.7,151510.8,104780.88689413838,155875.06008855652,250394.6855181502,416461.1606111267,728519.891374712
1990-12-01,15952.6,42648.4,68041.3,112880.9,151962.4,105104.43577403275,156262.80113265032,251163.42446305972,417742.2264540259,730336.6607335126
1991-01-01,15817.0,42597.8,68055.5,113267.5,152579.1,105290.82781198624,156563.45745898405,251767.04839780848,419221.066729251,732783.9504870677
1991-02-01,15631.4,42692.6,68147.2,113772.5,153656.4,105522.96714007072,157004.2289247862,252200.36987055442,420654.97930046875,735039.0306179817
1991-03-01,15398.2,42550.2,68450.7,113894.3,154098.4,105638.07284812926,157285.67705632534,253069.03012114216,421608.57798596134,736941.576415993
1991-04-01,15327.6,42462.3,68504.4,114037.9,154804.6,105751.56024717135,157664.7955224064,253791.5324129016,422776.02412347787,739425.2760719262
1991-05-01,15178.3,42409.8,68378.5,114329.9,155420.9,106038.60406479855,158031.14822844262,254112.9612607791,424027.17923198425,741292.2109367084
1991-06-01,15013.4,42361.3,68571.0,114563.2,156426.8,106191.56813482572,158478.5247162319,254923.01113299112,425376.0799940056,744045.1227877095
1991-07-01,14863.7,42104.6,68711.6,114818.8,157248.2,106478.59525854637,158662.13967925683,255674.2124106814,426580.99238604936,746258.3703784873
1991-08-01,14682.1,42290.1,68667.2,115154.9,157631.7,106606.76074292848,159266.3597649129,256236.17877774837,428049.66470140923,748130.6376533223
1991-09-01,14451.8,42344.1,68942.4,115607.9,158870.5,106727.12653803937,159596.07521799803,257092.6305755703,429509.54364573397,751061.4762573256
1991-10-01,14311.7,42193.2,68767.1,115958.6,159431.4,107023.1601020701,159872.24009244938,257428.63155378727,430750.8948298438,752906.9534476502
1991-11-01,14250.9,42149.6,68790.1,116168.8,159569.6,107092.01131783826,160316.03966415836,258064.7871474009,432079.65784429654,754772.5568789581
1991-12-01,14004.2,42004.7,69250.8,116539.0,160705.1,107205.4597301628,160604.58516635056,258984.51311347215,433356.50226830825,757600.5355145136
1992-01-01,13849.8,41923.3,69180.8,116895.1,160991.1,107490.61302251261,160993.355695921,259549.49954608316,434815.006391211,759313.2762249277
1992-02-01,13706.6,41963.2,69251.9,117080.9,161471.7,107678.91897385383,161375.96621127392,260441.7347360484,436142.4626313058,761853.3011362709
1992-03-01,13554.3,41786.2,69323.1,117112.3,162160.6,107966.8993761514,161607.32532063295,261226.68718926437,437133.013714247,763750.6274716754
1992-04-01,13391.8,41690.5,69658.1,117589.9,162771.3,108126.1533660258,161961.1747214951,261987.2899760385,438424.51800926414,765931.6225418341
1992-05-01,13148.5,41625.5,69971.3,118136.0,163493.3,108214.42223685139,162297.19504473542,263057.8946979162,440184.9501483565,768290.1611239004
1992-06-01,13141.1,41576.9,70338.3,118437.9,163924.4,108483.26896751304,162750.80628743782,264200.84044405393,441541.6904006662,770371.9488602316
1992-07-01,12894.0,41599.6,70288.1,118259.5,164441.1,108599.55097308439,163244.1698970526,264662.6047628901,442173.61223147786,772409.9953560141
1992-08-01,12748.0,41422.6,70530.1,118854.7,165023.2,108789.09892488718,163478.355314974,265692.9790020596,443996.88620881364,774626.8573700931
1992-09-01,12639.2,41508.9,70626.6,118975.5,165372.1,109065.70862537662,163939.49173429812,266515.6815770676,445164.22623797564,776579.9118441564
1992-10-01,12391.3,41383.1,71151.9,119348.3,166169.0,109182.9110458938,164277.33632789672,267521.6070801883,446317.00755057496,778654.3839857464
1992-11-01,12243.4,41210.5,71470.2,119698.7,166695.2,109476.23235935734,164621.24426644738,268684.1055183164,447790.41481355985,780804.6603931955
1992-12-01,12126.7,41342.4,71233.8,119886.3,167163.4,109564.80735269576,165006.44681897195,269124.2132534508,449068.3993763707,783062.7101554795
1993-01-01,11876.7,41268.1,71727.2,120252.4,167681.7,109682.1962085106,165443.0187617141,270310.44992617075,450448.0717274005,785074.2326220637
1993-02-01,11903.0,41099.3,71708.5,120561.5,168421.2,110082.78160749956,165753.24894824837,270949.10871406173,451786.616108694,787386.3588024483
1993-03-01,11617.9,41046.3,71699.2,120732.0,169014.4,110145.41511661351,165991.49589599128,271434.2224447348,453041.20070376724,789843.168404153
1993-04-01,11383.3,40872.5,72352.6,121243.7,169761.9,110272.72796022092,166336.91795619717,272636.70004001865,454457.11605021416,791631.2503423197
1993-05-01,11220.4,40974.6,71983.4,121397.3,170024.0,110553.82593530326,166873.66931917224,272876.95074691327,455663.9682248922,793579.9070097198
1993-06-01,11092.6,40923.1,71899.3,121455.8,170708.1,110602.14665909517,167221.206958162,273392.70605935255,456732.7191013726,796474.3009231301
1993-07-01,10927.0,40776.1,72193.0,121993.0,170953.6,110766.04126415882,167484.19689792956,274482.8175265864,458496.14674837905,797997.3507968001
1993-08-01,10768.2,40663.0,72264.7,122029.0,171557.2,111058.1929328544,167867.19917045537,274949.3413223001,459399.1893861663,800022.0539918189
1993-09-01,10623.2,40484.6,72341.5,122291.5,172530.0,111254.10532430303,168209.13027353116,275825.9446656935,460792.22250218154,802997.5237047746
1993-10-01,10334.5,40605.4,72223.8,122562.7,172689.4,111318.5140668683,168592.60639198995,276382.7805260105,462222.9618783198,804555.6965156746
1993-11-01,10169.0,40533.4,72548.0,122956.9,173239.9,111600.9521295505,169039.98880619934,277128.3844710887,463465.29838104744,806739.1688739511
1993-12-01,10039.6,40349.0,72640.3,123249.1,174242.7,111794.00940738183,169349.49144102362,277952.595533463,464889.96676261415,809607.1996210467
1994-01-01,9920.2,40285.1,72578.4,123499.7,174666.6,111889.58104488549,169591.10299544348,278402.90444014966,466228.05970255705,811532.7956243186
1994-02-01,9728.7,40301.9,72584.1,123687.8,175168.8,112130.94765798503,170193.1448779102,279050.1066102845,467543.55529982445,813813.4240318231
1994-03-01,9584.7,40203.4,72661.9,124075.7,175921.3,112328.94756527466,170478.75216264735,279849.20633975166,468953.06619652483,816188.9675572889
1994-04-01,9330.1,40131.6,72507.6,124355.9,175894.0,112451.23772497027,170931.67024879984,280269.2856356385,470398.48741618346,817851.8303591292
1994-05-01,9213.7,40131.8,72784.3,124676.7,176674.9,112727.33107030137,171292.84959961276,281021.7629623292,471632.7848700017,820088.9317911334
1994-06-01,9031.5,39861.9,73010.3,125175.5,177907.5,112901.80419014077,171486.24027046602,281871.40898606385,473201.8582935828,822964.5486583854
1994-07-01,8868.7,39787.0,72805.3,125461.9,178108.4,113192.86355798035,171834.2551511,282278.601369502,474630.589839778,824727.9330396311
1994-08-01,8751.8,39862.6,72896.2,125505.5,178663.9,113301.43211294571,172323.05848170433,283136.52444940567,475745.7142160552,827036.5166099513
1994-09-01,8595.7,39734.1,73101.0,125817.9,179534.0,113497.10341683224,172677.66672197203,283951.2944311244,477093.8994457194,829732.7330794872
1994-10-01,8519.0,39661.5,72906.0,126190.9,179637.1,113834.83444203029,173096.89874893773,284307.57259074977,478569.525763429,831272.9769864276
1994-11-01,8224.9,39446.8,73334.1,126360.3,180214.8,113902.29962896564,173393.00360856546,285487.2894954053,479845.29507471924,833672.1101030869
1994-12-01,8097.5,39416.2,73232.8,126848.7,181044.2,114175.90223009212,173693.2349663241,285898.3884283987,481375.44307698816,836100.422248003
1995-01-01,7934.5,39281.4,73197.7,126967.1,181817.2,114472.73689034724,174034.4625591916,286341.2018092518,482453.66509022284,838377.7572665492
1995-02-01,7885.8,39277.1,73509.0,127497.7,182323.1,114689.60130214266,174522.26047027798,287477.51774240244,484270.41543704347,840734.5989251768
1995-03-01,7912.2,39219.8,73315.7,127519.2,182537.9,115103.01850931432,174780.96645090135,287942.3272146505,485321.6977844695,842500.6591951856
1995-04-01,7728.8,39141.7,73447.5,127947.8,183198.1,115341.76324567881,175298.11542059178,288594.52056292485,486710.8338955369,844665.0038537238
1995-05-01,7433.8,39020.2,73540.5,128517.1,183782.9,115411.34476760362,175587.58590376232,289465.5434452528,488566.62302095507,846975.5001893437
1995-06-01,7387.7,38877.6,73407.1,128329.9,184513.0,115785.75356527149,175789.99341840946,289904.1550779039,489436.31373299676,849677.0209276255
1995-07-01,7092.7,38973.5,73819.7,128673.3,185311.2,115856.11599455785,176438.03557764975,290898.39032786764,490601.1125344205,851974.8489759021
1995-08-01,6988.0,38706.0,73895.3,129187.8,185647.7,116132.51633179898,176604.94456019942,291638.69458288816,492381.4789302204,853576.5539567483
1995-09-01,6922.6,38778.5,73836.3,129301.0,186170.9,116497.85439244984,177077.72568956518,292184.34736159677,493563.59248969465,856315.9475946883
1995-10-01,6864.8,38662.9,74080.8,129702.8,186922.7,116727.77524441692,177478.1890358174,293154.2059731249,495005.1593604971,858444.0792600749
1995-11-01,6662.6,38555.7,73849.9,129987.8,187789.6,116972.24381611981,177773.35088942762,293562.34134069947,496522.7546919118,860803.1620438619
1995-12-01,6439.8,38713.9,74077.0,130128.1,187808.5,117126.6739074504,178397.11053679592,294433.40087059117,497729.1157157788,862893.0509635401
1996-01-01,6267.9,38509.6,74199.8,130335.8,188618.1,117301.75233648946,178645.10135038377,295127.9299210956,498909.2477572783,865079.3900499602
1996-02-01,6059.5,38289.3,74303.0,130903.5,188878.6,117538.39399319697,178946.071024547,295800.7127186966,500584.23392566456,866814.7288665811
1996-03-01,5905.4,38211.0,74410.0,131230.5,189705.7,117743.5357114021,179405.45226509823,296630.96456821,502047.8733950578,869542.6615004834
1996-04-01,5769.0,38223.6,74422.2,131261.7,190592.7,117853.23488512689,179708.1707195802,297224.0063023174,503045.7548189275,871943.7076098752
1996-05-01,5601.2,38228.6,74298.1,131819.1,190600.4,118152.88031924289,180313.60866630857,297700.66517801624,504879.36017174774,873736.4455827627
1996-06-01,5447.8,37916.1,74667.6,131836.4,191202.3,118316.63110841368,180460.90018212935,298862.19027475227,505992.9310736356,876225.6595957523
1996-07-01,5279.7,37836.9,74545.7,131950.7,191629.6,118616.83588583312,180717.0815842327,299364.12766434345,507212.0711466753,878204.8768000425
1996-08-01,5035.6,37925.2,74558.5,132566.9,192488.5,118757.4016155999,181370.52274268703,299869.3738206873,508787.3534874532,880570.5443861383
1996-09-01,4878.9,37725.5,74663.1,132811.4,193222.9,118966.6680232091,181618.9073443193,300775.93703414284,510227.91826010897,883120.4463838504
1996-10-01,4673.1,37550.3,74581.8,132822.6,193537.5,119212.90048988453,181925.1343847243,301244.92352672474,511358.0366566832,885191.4779794194
1996-11-01,4533.9,37627.4,74931.7,133283.4,194017.0,119446.41871330146,182445.6031608082,302256.9481885128,512909.32240746886,887315.7442158532
1996-12-01,4432.0,37356.8,74834.0,133769.1,194327.4,119582.58207801187,182653.3034368664,302842.42916884826,514600.4743350688,889372.8082848546
1997-01-01,4266.7,37310.2,74562.6,133794.4,195156.4,119884.10336844313,182968.48957602872,303197.5585724045,515751.5705335488,891972.3602448179
1997-02-01,3964.1,37356.0,74758.1,134060.2,195997.7,119959.75474619256,183567.53187799247,304156.24513194966,517110.89399637806,894223.6374709567
1997-03-01,3986.9,37123.2,74960.5,134554.1,196275.8,120385.04041472742,183761.83686125424,304926.55824504147,518684.465755102,896143.6775920353
1997-04-01,3720.8,36995.4,74958.8,134604.4,196628.8,120517.56073959605,184101.12197026698,305430.5326663404,519847.0322758844,898142.478194214
1997-05-01,3455.4,37147.4,75076.1,134876.4,196911.6,120650.780305254,184724.9161442194,306469.51222971955,521285.41110331827,900385.27222816
1997-06-01,3423.5,36926.2,74985.4,135384.3,197678.7,120935.7704745696,184931.67937784782,306915.1990929525,522890.4987165201,902674.6521953583
1997-07-01,3264.3,36805.9,74889.5,135524.2,198300.7,121148.76436756954,185344.30727729405,307513.2866358966,524266.73533608404,905095.1217551114
1997-08-01,2959.7,36838.8,75267.1,135799.3,198996.5,121226.2110757772,185766.6093383487,308539.6671726164,525569.0523994075,907410.0266032196
1997-09-01,2944.6,36703.9,75113.0,135747.8,199379.5,121685.68520048326,186101.16716658892,308990.6436123916,526594.7126129881,909608.9042069124
1997-10-01,2775.4,36564.7,75477.3,136366.3,199687.0,121893.0988213306,186554.85859246753,310076.69051419094,528336.1490065982,911605.1436781412
1997-11-01,2583.9,36627.4,75241.4,136551.5,200398.5,122142.5867068212,186936.19627336902,310525.6664697604,529784.1386410234,914100.5088478145
1997-12-01,2401.1,36446.3,74982.8,136650.9,201245.7,122431.34757210761,187248.2340311622,310809.55662799184,530808.1299868155,916559.5900039633
1998-01-01,2532.2,36415.3,75495.9,137165.6,201669.1,122789.27656020202,187772.3235860386,312023.65110301424,532714.9459045094,919050.6278378853
1998-02-01,2262.9,36353.9,75409.0,137355.0,201890.7,122925.57740216458,188091.96658753578,312625.20163999003,534026.5329987516,920920.2908703216
1998-03-01,2054.6,36235.2,75442.3,137297.7,202562.5,123176.9415598733,188508.90848846137,313361.4522149036,534905.4610406611,923158.5407042317
1998-04-01,1962.7,36135.4,75474.4,138132.8,203296.9,123502.78523899325,188921.43343328964,314051.3249384565,537005.1825052632,925741.9150973451
1998-05-01,1790.1,35811.4,75456.2,138001.7,203560.7,123813.4442542489,189075.10935498623,314710.13065987494,537913.8448469337,927785.3112332795
1998-06-01,1676.8,36024.3,75528.6,138130.8,203959.6,124108.45216521091,189708.07049549112,315444.8642924606,539238.4113438344,930073.3944438292
1998-07-01,1511.6,35795.7,75674.9,138633.5,204952.3,124325.15434867646,189982.9221986077,316234.9977776548,540885.3590977276,932679.3530234457
1998-08-01,1430.0,35538.2,75873.4,138946.4,204906.0,124551.8017399454,190209.80389372385,317234.0220276227,542317.5071753939,934420.5446591546
1998-09-01,1211.1,35666.8,75712.2,139271.7,205607.5,124754.17109522052,190740.1840484706,317684.48013391456,543789.578798035,936867.388568859
1998-10-01,1142.8,35573.8,75486.4,139309.0,205858.4,125143.04477925341,191207.26237532578,318237.3452319301,545041.8233183782,938848.7587312217
1998-11-01,959.9,35418.7,75897.9,139433.1,206667.9,125329.23430482342,191562.2290229296,319116.9033471555,546168.4799372707,941205.7312647727
1998-12-01,688.0,35108.0,47560.77777777778,139914.3,206872.8,125469.17201094104,191728.0767377474,325742.02155953785,548021.9688700748,943219.1199716944
1999-01-01,613.1,35242.2,47531.333333333336,140208.0,207559.0,125817.91567662815,192308.78237575226,326365.38098042813,549287.3163493057,946004.70956286
1999-02-01,339.0,35004.5,47434.22222222222,140272.3,207881.4,125956.781228942,192617.78351858148,327178.88146615523,550542.2169572769,947946.6348382464
1999-03-01,1642.6666666666667,35001.4,47179.0,140519.3,208049.2,133642.83143887666,193140.23927027165,327722.20885797474,552088.6030899287,949777.30022824
1999-04-01,1558.888888888889,34980.4,47321.666666666664,140686.6,209132.4,134006.37702031614,193467.822057887,328568.7708129,553337.8649911222,952931.5114084304
1999-05-01,1395.0,34808.8,47239.666666666664,141031.8,209263.4,134236.60817843245,193852.4269557186,329203.07136667176,554911.0565440595,954658.8796825341
1999-06-01,1130.0,34608.1,47182.88888888889,141574.9,209882.3,134392.92134725698,194219.78778032205,329903.90221034235,556581.5679960925,956947.7072978846
1999-07-01,957.8888888888889,34619.4,46913.333333333336,141434.7,210375.7,134719.7216979055,194655.91487271414,330449.20659346425,557552.445769713,959543.3442264838
1999-08-01,753.3333333333334,34509.4,46881.666666666664,141758.2,210917.4,134893.32332439587,195021.64365480625,331208.46783181734,558999.3689391786,961652.3854488054
1999-09-01,-6829.375,34351.2,46695.77777777778,142002.2,211462.6,142591.00160843402,195377.66640637306,331794.4323575133,560546.7225791065,963998.7087408595
1999-10-01,-7113.25,34257.0,46752.333333333336,142275.2,211993.9,142752.68271960024,195854.53964273247,332465.82044061314,561868.3691264747,966321.7272695524
1999-11-01,-7270.25,34236.1,46722.0,142471.8,212342.6,143010.84650648007,196218.6143845402,333321.43273610534,563272.8545426473,968503.0066871473
1999-12-01,-7433.75,22711.88888888889,82181.625,145234.44444444444,212947.2,143377.5473553752,205132.22271467035,338379.62472302676,598972.9030329984,970830.7989143227
